name,collection,age,pieces,rating,price,discount,availability
Notre-Dame de Paris,Architecture,18+,4383,4.8,$229.99,,Add to Bag
Himeji Castle,Architecture,18+,2125,4.7,$159.99,,Add to Bag
London,Architecture,12+,468,4.6,$39.99,,Add to Bag
New York City,Architecture,12+,598,4.3,$59.99,,Add to Bag
Great Pyramid of Giza,Architecture,18+,1476,4.6,$129.99,,Add to Bag
Statue of Liberty,Architecture,16+,1685,4.6,$119.99,,Add to Bag
Paris,Architecture,12+,649,4.4,$49.99,,Add to Bag
Taj Mahal,Architecture,18+,2022,4.7,$119.99,,Add to Bag
Singapore,Architecture,18+,827,3.0,$59.99,,Add to Bag
Batman™ with the Batmobile™ vs. Harley Quinn™ and Mr. Freeze™,Batman™,8+,435,5.0,$59.99,,Add to Bag
Batman™ Construction Figure and the Bat-Pod Bike,Batman™,12+,713,4.5,$64.99,,Add to Bag
"The Batcave™ with Batman™, Batgirl™ and The Joker™",Batman™,4+,184,5.0,$34.99,,Add to Bag
Batman™ Mech Armor,Batman™,6+,140,2.0,$14.99,,Add to Bag
Batcave™ – Shadow Box,Batman™,18+,3981,4.9,$399.99,,Add to Bag
Batman: The Animated Series Gotham City™,Batman™,18+,4210,5.0,$299.99,,Add to Bag
Batman™ 8in1 Figure,Batman™,10+,325,2.2,$24.99,,Add to Bag
Batmobile™ Tumbler,Batman™,18+,2049,4.4,$269.99,,Backorder
Batman™ Key Chain,Batman™,6+,,4.0,$5.99,,Add to Bag
Batmobile™: Batman™ vs. The Joker™ Chase,Batman™,8+,438,4.6,$47.99,,Add to Bag
Batwing: Batman™ vs. The Joker™,Batman™,8+,357,4.8,$37.99,,Add to Bag
Batman™ Key Light,Batman™,6+,,1.0,$14.99,,Add to Bag
THE BATMAN – BATCYCLE™,Batman™,9+,641,5.0,$49.99,,Add to Bag
Harley Quinn™ Key Chain,Batman™,6+,,3.0,$5.99,,Add to Bag
Batmobile™ Pursuit: Batman™ vs. The Joker™,Batman™,4+,54,3.0,$26.99,,Add to Bag
Batman™ Construction Figure,Batman™,8+,275,4.5,$32.99,,Add to Bag
GOTHAM CITY's New Defender,Batman™,,6-10,,$8.99,,Add to Bag
Batman™ Bag Tag,Batman™,6+,,,$9.99,,Out of stock
5-Minute Stories,Batman™,,3-7,,$14.99,,Add to Bag
Chrysanthemum,Botanical Collection,18+,278,,$29.99,,Add to Bag
Plum Blossom,Botanical Collection,18+,327,,$29.99,,Add to Bag
Bouquet of Roses,Botanical Collection,18+,822,4.8,$59.99,,Add to Bag
Bonsai Tree,Botanical Collection,18+,878,4.5,$49.99,,Add to Bag
Tiny Plants,Botanical Collection,18+,758,4.9,$49.99,,Add to Bag
Wildflower Bouquet,Botanical Collection,18+,939,4.7,$59.99,,Add to Bag
Cherry Blossoms,Botanical Collection,8+,430,4.4,$14.99,,Add to Bag
Orchid,Botanical Collection,18+,608,4.9,$49.99,,Add to Bag
Sunflowers,Botanical Collection,8+,191,4.8,$14.99,,Add to Bag
Flower Bouquet,Botanical Collection,18+,756,4.8,$59.99,,Add to Bag
Succulents,Botanical Collection,18+,771,4.6,$49.99,,Add to Bag
Lotus Flowers,Botanical Collection,8+,220,4.6,$14.99,,Add to Bag
Daffodils,Botanical Collection,8+,216,4.6,$14.99,,Add to Bag
Roses,Botanical Collection,8+,120,4.8,$14.99,,Add to Bag
Dried Flower Centerpiece,Botanical Collection,18+,812,4.7,$49.99,,Add to Bag
Iron Man MK5 Figure,BrickHeadz,10+,101,5.0,$9.99,,Add to Bag
Batman™ 8in1 Figure,BrickHeadz,10+,325,2.2,$24.99,,Add to Bag
"Joy, Sadness & Anxiety",BrickHeadz,10+,300,4.5,$19.99,,Add to Bag
"Carl, Russell & Kevin",BrickHeadz,10+,308,5.0,$19.99,,Add to Bag
Stitch,BrickHeadz,10+,152,4.9,$9.99,,Add to Bag
Legolas & Gimli™,BrickHeadz,10+,297,5.0,$19.99,,Add to Bag
Clone Commander Cody™,BrickHeadz,10+,147,4.9,$9.99,,Add to Bag
EVE & WALL•E,BrickHeadz,10+,155,4.9,$14.99,,Add to Bag
Iron Spider-Man,BrickHeadz,10+,91,4.9,$9.99,,Add to Bag
The Phantom Menace™,BrickHeadz,10+,732,4.6,$54.99,,Add to Bag
Mirabel Madrigal,BrickHeadz,10+,179,5.0,$9.99,,Add to Bag
Potted Groot,BrickHeadz,10+,113,4.8,$9.99,,Add to Bag
Obi-Wan Kenobi™ & Darth Vader™,BrickHeadz,10+,260,4.7,$19.99,,Backorder
Sonic the Hedgehog™: Knuckles & Shadow,BrickHeadz,10+,298,4.8,$19.99,,Add to Bag
Sonic the Hedgehog™,BrickHeadz,10+,139,4.9,$9.99,,Add to Bag
Gandalf the Grey™ & Balrog™,BrickHeadz,10+,348,4.7,$19.99,,Backorder
"Miles ""Tails"" Prower",BrickHeadz,10+,131,4.9,$9.99,,Add to Bag
Spring Festival Mickey Mouse,BrickHeadz,10+,120,5.0,$9.99,,Add to Bag
Cruella & Maleficent,BrickHeadz,10+,320,4.7,$19.99,,Add to Bag
Prisoner of Azkaban™ Figures,BrickHeadz,10+,697,4.5,$49.99,,Add to Bag
Moana & Merida,BrickHeadz,10+,410,5.0,$19.99,,Add to Bag
Tusken Raider™,BrickHeadz,10+,152,4.6,$9.99,,Add to Bag
Frodo™ & Gollum™,BrickHeadz,10+,184,4.7,$14.99,,Add to Bag
Harry Potter™ & Cho Chang,BrickHeadz,10+,267,4.8,$19.99,,Add to Bag
Aragorn™ & Arwen™,BrickHeadz,10+,261,4.8,$19.99,,Add to Bag
Draco Malfoy™ & Cedric Diggory,BrickHeadz,10+,262,5.0,$19.99,,Add to Bag
Kingsley Shacklebolt™ & Nymphadora Tonks™,BrickHeadz,10+,250,5.0,$19.99,,Add to Bag
Jake Sully & his Avatar,BrickHeadz,10+,246,4.9,$19.99,$11.99,Add to Bag
Manchester United Go Brick Me,BrickHeadz,10+,530,4.6,$19.99,,Out of stock
Lion Dance Guy,BrickHeadz,10+,239,4.9,$9.99,$5.99,Out of stock
"Harry, Hermione, Ron & Hagrid™",BrickHeadz,10+,466,4.7,$24.99,$14.99,Out of stock
Daisy Duck,BrickHeadz,10+,110,4.9,$9.99,$5.99,Out of stock
Disney 100th Celebration,BrickHeadz,10+,501,4.8,$39.99,$23.99,Out of stock
Downtown Streetcar and Station,City,7+,811,,$89.99,,Add to Bag
Seaside Harbor with Cargo Ship,City,8+,1226,5.0,$109.99,,Add to Bag
Robot World Roller-Coaster Park,City,8+,986,4.9,$99.99,,Add to Bag
Jungle Explorer Helicopter at Base Camp,City,8+,881,4.9,$99.99,,Add to Bag
Yellow Mobile Construction Crane,City,9+,1116,5.0,$109.99,,Add to Bag
Car Transporter Truck with Sports Cars,City,7+,998,5.0,$99.99,,Add to Bag
Tow Truck and Sports Car Repair,City,4+,101,5.0,$19.99,,Add to Bag
Jungle Explorer ATV Red Panda Mission,City,6+,92,4.2,$10.99,,Add to Bag
Yellow Construction Excavator,City,8+,633,5.0,$54.99,,Backorder
Yellow Delivery Truck,City,8+,1061,4.8,$99.99,,Add to Bag
Road Plates,City,5+,112,1.8,$19.99,,Add to Bag
LEGO® City Advent Calendar 2024,City,5+,195,,$32.99,,Coming Soon
Red Double-Decker Sightseeing Bus,City,7+,384,4.7,$29.99,,Add to Bag
Jungle Explorer Water Plane,City,6+,177,4.7,$22.99,,Add to Bag
Burger Truck,City,5+,194,5.0,$19.99,,Add to Bag
Jungle Explorer Off-Road Truck,City,6+,314,4.8,$34.99,,Add to Bag
Passenger Airplane,City,7+,913,4.5,$119.99,,Add to Bag
Construction Steamroller,City,5+,78,5.0,$9.99,,Add to Bag
LEGO® City Busy Word Book,City,4+,,5.0,$14.99,,Add to Bag
Downtown,City,8+,2010,4.6,$199.99,,Add to Bag
Arctic Explorer Ship,City,7+,815,5.0,$159.99,,Add to Bag
Sailboat,City,5+,102,4.7,$19.99,,Add to Bag
Space Science Lab,City,6+,560,4.7,$34.99,,Add to Bag
Fire Station with Fire Truck,City,6+,843,4.4,$79.99,,Add to Bag
Police Car,City,5+,94,3.9,$9.99,,Add to Bag
Penguin Slushy Van,City,5+,194,5.0,$19.99,,Add to Bag
Ice-Cream Shop,City,6+,296,4.9,$39.99,,Add to Bag
Police Prison Island,City,7+,980,5.0,$99.99,,Add to Bag
Police Station,City,6+,668,4.5,$69.99,,Add to Bag
Recycling Truck,City,5+,261,4.9,$29.99,,Add to Bag
Blue Monster Truck,City,5+,148,5.0,$15.99,,Add to Bag
Fire Rescue Plane,City,6+,478,4.9,$54.99,,Add to Bag
Space Base and Rocket Launchpad,City,8+,1422,4.9,$134.99,,Add to Bag
Holiday Camper Van,City,5+,190,4.3,$19.99,,Add to Bag
Apartment Building,City,6+,688,4.9,$94.99,,Add to Bag
Arctic Explorer Snowmobile,City,5+,70,5.0,$10.99,,Add to Bag
Go-Karts and Race Drivers,City,5+,99,5.0,$9.99,,Add to Bag
Tracks,City,,20,2.3,$19.99,,Add to Bag
Car Wash,City,6+,243,4.8,$32.99,,Add to Bag
Ski and Climbing Center,City,7+,1045,5.0,$119.99,,Add to Bag
Interstellar Spaceship,City,6+,240,4.9,$19.99,,Add to Bag
Fire Rescue Helicopter,City,5+,85,4.0,$9.99,,Add to Bag
Emergency Rescue Helicopter,City,6+,226,4.8,$19.99,,Add to Bag
Space Explorers Pack,City,6+,426,5.0,$31.99,,Add to Bag
Tractor,City,5+,148,4.9,$19.99,,Add to Bag
Space Construction Mech,City,6+,140,4.8,$10.99,,Add to Bag
Race Car and Car Carrier Truck,City,6+,328,4.9,$29.99,,Add to Bag
Explorer Diving Boat,City,5+,182,5.0,$39.99,,Add to Bag
Police Bike Car Chase,City,5+,59,5.0,$9.99,,Add to Bag
Police Speedboat and Crooks' Hideout,City,6+,311,4.9,$34.99,,Add to Bag
Electric Sports Car,City,5+,95,4.8,$9.99,,Add to Bag
Command Rover and Crane Loader,City,7+,758,4.9,$84.99,,Add to Bag
4x4 Fire Truck with Rescue Boat,City,5+,301,5.0,$34.99,,Add to Bag
Express Passenger Train,City,7+,764,4.0,$189.99,,Add to Bag
4x4 Off-Roader Adventures,City,6+,252,5.0,$29.99,,Add to Bag
Street Skate Park,City,6+,454,5.0,$67.99,,Add to Bag
Spaceship and Asteroid Discovery,City,4+,126,5.0,$19.99,,Add to Bag
Freight Train,City,7+,1153,4.8,$199.99,,Add to Bag
Space Explorer Rover and Alien Life,City,6+,311,4.9,$34.99,,Add to Bag
Arctic Explorer Truck and Mobile Lab,City,6+,489,5.0,$74.99,,Add to Bag
Combo Race Pack,City,6+,362,5.0,$29.99,,Add to Bag
Police Car and Muscle Car Chase,City,6+,213,5.0,$19.99,,Add to Bag
Fire Command Truck,City,7+,502,4.7,$64.99,,Add to Bag
Police Mobile Crime Lab Truck,City,7+,674,4.7,$54.99,,Add to Bag
Modified Race Cars,City,6+,359,5.0,$29.99,,Add to Bag
Gaming Tournament Truck,City,7+,344,4.8,$39.99,,Add to Bag
Construction Trucks and Wrecking Ball Crane,City,4+,235,4.9,$59.99,,Add to Bag
Fire Rescue Boat,City,5+,144,4.8,$29.99,,Add to Bag
Deep-Sea Explorer Submarine,City,7+,842,4.8,$109.99,,Add to Bag
Mobile Police Dog Training,City,5+,197,4.5,$29.99,,Add to Bag
Modular Space Station,City,7+,1097,5.0,$109.99,,Add to Bag
Switch Tracks,City,,8,4.8,$15.99,,Add to Bag
Train Station,City,7+,907,4.6,$99.99,,Out of stock
Custom Car Garage,City,6+,507,4.9,$59.99,,Add to Bag
Fire Rescue Motorcycle,City,4+,57,5.0,$9.99,,Add to Bag
Green Race Car,City,4+,56,4.6,$9.99,,Add to Bag
Police Training Academy,City,6+,823,4.6,$99.99,,Add to Bag
Monster Truck Race,City,6+,301,4.4,$29.99,,Add to Bag
Police Station Chase,City,4+,172,4.8,$39.99,,Add to Bag
Emergency Ambulance and Snowboarder,City,4+,79,5.0,$19.99,,Add to Bag
Fire Station and Fire Truck,City,4+,153,4.8,$39.99,,Add to Bag
Go Extreme!,City,6+,,,$8.99,,Add to Bag
LEGO® City: LEGO World Heroes in Training,City,6+,,,$5.99,,Add to Bag
5-Minute Stories,City,,3-7,,$14.99,,Add to Bag
Stop The Fire!,City,,5-8,,$8.99,,Add to Bag
Double Loop Stunt Arena,City,7+,598,2.8,$159.99,$95.99,Out of stock
The Shark Attack Stunt Challenge,City,5+,122,4.8,$34.99,,Out of stock
LEGO® City Advent Calendar 2023,City,5+,258,4.8,$34.99,$24.49,Out of stock
Space Ride Amusement Truck,City,6+,433,4.9,$49.99,$39.99,Out of stock
LEGO® Medium Creative Brick Box,Classic,,484,3.6,$34.99,,Add to Bag
Green Baseplate,Classic,4+,1,3.8,$7.99,,Add to Bag
LEGO® Large Creative Brick Box,Classic,,790,4.9,$59.99,,Add to Bag
Creative Vehicles,Classic,5+,900,5.0,$54.99,,Add to Bag
White Baseplate,Classic,4+,1,5.0,$7.99,,Add to Bag
Creative Fantasy Universe,Classic,5+,1800,4.9,$89.99,,Add to Bag
Blue Baseplate,Classic,4+,1,4.0,$7.99,,Add to Bag
Gray Baseplate,Classic,4+,1,4.0,$14.99,,Add to Bag
Creative Houses,Classic,4+,850,4.9,$54.99,,Add to Bag
Vibrant Creative Brick Box,Classic,4+,850,4.8,$59.99,,Add to Bag
Lots of Bricks,Classic,5+,1000,5.0,$59.99,,Add to Bag
Creative Monsters,Classic,4+,140,5.0,$9.99,,Add to Bag
Creative Transparent Bricks,Classic,4+,500,3.7,$29.99,,Add to Bag
How to Build LEGO® Houses,Classic,7+,,4.0,$14.99,,Add to Bag
Creative Pets,Classic,5+,450,5.0,$34.99,,Add to Bag
Creative Suitcase,Classic,,213,4.4,$19.99,,Add to Bag
Creative Party Box,Classic,5+,900,4.9,$49.99,,Add to Bag
Creative Color Fun,Classic,5+,1500,4.0,$64.99,,Add to Bag
LEGO® Ideas Book Second Edition,Classic,,7-12,,$24.99,,Add to Bag
How to Build LEGO® Cars,Classic,7+,,,$14.99,,Add to Bag
Creative Space Planets,Classic,5+,450,4.8,$34.99,,Add to Bag
Creative Pastel Fun,Classic,5+,333,4.9,$19.99,,Add to Bag
Creative Neon Fun,Classic,5+,333,4.9,$19.99,,Add to Bag
Creative Ocean Fun,Classic,4+,333,4.9,$19.99,$15.99,Out of stock
T. rex,Creator 3in1,9+,626,4.9,$59.99,,Add to Bag
Modern House,Creator 3in1,9+,939,5.0,$99.99,,Add to Bag
Forest Animals: Red Fox,Creator 3in1,9+,667,4.0,$49.99,,Add to Bag
Tropical Ukulele,Creator 3in1,8+,387,5.0,$29.99,,Add to Bag
Exotic Peacock,Creator 3in1,7+,355,4.7,$19.99,,Add to Bag
Retro Camera,Creator 3in1,8+,261,4.4,$19.99,,Add to Bag
Exotic Pink Parrot,Creator 3in1,7+,253,4.8,$19.99,,Add to Bag
Birdhouse,Creator 3in1,8+,476,4.7,$29.99,,Add to Bag
Space Roller Coaster,Creator 3in1,9+,874,4.8,$109.99,,Add to Bag
Flowers in Watering Can,Creator 3in1,8+,420,4.8,$29.99,,Add to Bag
Medieval Castle,Creator 3in1,9+,1426,3.9,$99.99,,Backorder
Cozy House,Creator 3in1,8+,808,4.9,$59.99,,Add to Bag
Sea Animals,Creator 3in1,8+,421,4.9,$29.99,,Add to Bag
Wild Safari Animals,Creator 3in1,9+,780,5.0,$64.99,,Add to Bag
Deep Sea Creatures,Creator 3in1,7+,230,5.0,$14.99,,Add to Bag
Main Street,Creator 3in1,9+,1459,4.8,$139.99,,Add to Bag
Exotic Parrot,Creator 3in1,7+,253,4.8,$19.99,,Add to Bag
Space Astronaut,Creator 3in1,9+,647,4.9,$54.99,,Add to Bag
Beach Camper Van,Creator 3in1,8+,556,5.0,$49.99,,Add to Bag
Pirate Ship,Creator 3in1,9+,1264,4.7,$119.99,,Add to Bag
Retro Roller Skate,Creator 3in1,8+,342,5.0,$29.99,,Add to Bag
Flatbed Truck with Helicopter,Creator 3in1,7+,270,4.8,$19.99,,Add to Bag
Magical Unicorn,Creator 3in1,7+,145,5.0,$9.99,,Add to Bag
Red Dragon,Creator 3in1,6+,149,5.0,$9.99,,Add to Bag
Space Shuttle,Creator 3in1,6+,144,4.7,$9.99,,Add to Bag
Vintage Motorcycle,Creator 3in1,8+,128,4.6,$14.99,,Add to Bag
Adorable Dogs,Creator 3in1,7+,475,3.5,$29.99,,Add to Bag
White Rabbit,Creator 3in1,8+,258,4.0,$19.99,,Add to Bag
Hamster Wheel,Creator 3in1,8+,416,4.6,$29.99,,Add to Bag
Fantasy Forest Creatures,Creator 3in1,7+,175,4.6,$14.99,,Add to Bag
Majestic Tiger,Creator 3in1,9+,755,4.8,$49.99,,Add to Bag
Mighty Dinosaurs,Creator 3in1,,174,4.6,$14.99,,Add to Bag
Super Robot,Creator 3in1,6+,159,4.9,$9.99,,Add to Bag
Supersonic-jet,Creator 3in1,7+,215,5.0,$19.99,,Add to Bag
LEGO® London Bus,Creator Expert,7+,118,4.8,$9.99,,Add to Bag
LEGO® Titanic,Creator Expert,18+,9090,4.9,$679.99,,Backorder
Porsche 911,Creator Expert,18+,1458,4.8,$169.99,,Add to Bag
Boutique Hotel,Creator Expert,18+,3066,4.8,$229.99,,Add to Bag
Back to the Future Time Machine,Creator Expert,18+,1872,5.0,$199.99,,Add to Bag
Vespa,Creator Expert,9+,118,4.9,$9.99,,Add to Bag
Ghostbusters™ ECTO-1,Creator Expert,18+,2352,4.6,$239.99,,Add to Bag
NASA Space Shuttle Discovery,Creator Expert,18+,2354,4.7,$199.99,,Add to Bag
Orchid,Creator Expert,18+,608,4.9,$49.99,,Add to Bag
Optimus Prime,Creator Expert,18+,1508,4.2,$179.99,,Add to Bag
Succulents,Creator Expert,18+,771,4.6,$49.99,,Add to Bag
Flower Bouquet,Creator Expert,18+,756,4.8,$59.99,,Add to Bag
High-Speed Train,Creator Expert,7+,284,4.1,$19.99,,Add to Bag
Batman™ with the Batmobile™ vs. Harley Quinn™ and Mr. Freeze™,DC,8+,435,5.0,$59.99,,Add to Bag
Batman™ Construction Figure and the Bat-Pod Bike,DC,12+,713,4.5,$64.99,,Add to Bag
"The Batcave™ with Batman™, Batgirl™ and The Joker™",DC,4+,184,5.0,$34.99,,Add to Bag
Batman™ Mech Armor,DC,6+,140,2.0,$14.99,,Add to Bag
Batcave™ – Shadow Box,DC,18+,3981,4.9,$399.99,,Add to Bag
Batman: The Animated Series Gotham City™,DC,18+,4210,5.0,$299.99,,Add to Bag
Batmobile™ Tumbler,DC,18+,2049,4.4,$269.99,,Backorder
Batman™ Key Light,DC,6+,,1.0,$14.99,,Add to Bag
Superman™ Key Chain,DC,6+,,5.0,$5.99,,Add to Bag
THE BATMAN – BATCYCLE™,DC,9+,641,5.0,$49.99,,Add to Bag
Wonder Woman™ Bag Tag,DC,6+,,,$9.99,,Add to Bag
Batman™ Bag Tag,DC,6+,,,$9.99,,Out of stock
5-Minute Stories,DC,,3-7,,$14.99,,Add to Bag
Minions and Gru's Family Mansion,Despicable Me 4,8+,868,5.0,$99.99,,Add to Bag
Minions and Banana Car,Despicable Me 4,6+,136,4.8,$24.99,,Add to Bag
Brick-Built Gru and Minions,Despicable Me 4,9+,839,5.0,$54.99,,Add to Bag
Minions' Music Party Bus,Despicable Me 4,7+,379,4.9,$39.99,,Add to Bag
Young Simba the Lion King,Disney,18+,1445,4.7,$129.99,,Add to Bag
Disney Castle,Disney,18+,4837,4.5,$399.99,,Backorder
Antonio's Animal Sanctuary,Disney,6+,310,,$39.99,,Add to Bag
"Joy, Sadness & Anxiety",Disney,10+,300,4.5,$19.99,,Add to Bag
Snow White and the Seven Dwarfs' Cottage,Disney,18+,2228,5.0,$219.99,,Add to Bag
EVE & WALL•E,Disney,10+,155,4.9,$14.99,,Add to Bag
Stitch,Disney,10+,152,4.9,$9.99,,Add to Bag
"Carl, Russell & Kevin",Disney,10+,308,5.0,$19.99,,Add to Bag
Mini Disney Palace of Agrabah,Disney,12+,506,4.0,$39.99,$27.99,Add to Bag
Ariel's Music Stage,Disney,4+,60,,$15.99,,Add to Bag
Disney Hocus Pocus: The Sanderson Sisters' Cottage,Disney,18+,2316,4.3,$229.99,,Add to Bag
Ariel and Flounder's Café Stand,Disney,2+,22,5.0,$19.99,,Add to Bag
Ariel's Magical Underwater Palace,Disney,2+,116,4.9,$79.99,,Add to Bag
Stitch,Disney,9+,730,5.0,$64.99,,Add to Bag
‘Up’ House​,Disney,9+,598,4.0,$59.99,,Add to Bag
Mini Disney Castle,Disney,12+,567,4.9,$39.99,,Add to Bag
Mini Disney Ariel's Castle,Disney,12+,557,4.4,$39.99,,Add to Bag
Mini Disney Sleeping Beauty Castle,Disney,12+,528,4.9,$39.99,,Add to Bag
Villain Icons,Disney,18+,1540,4.9,$129.99,,Add to Bag
Mirabel Madrigal,Disney,10+,179,5.0,$9.99,,Add to Bag
Walt Disney Tribute Camera,Disney,18+,811,4.7,$99.99,,Add to Bag
Simba the Lion King Cub,Disney,6+,222,4.9,$19.99,,Add to Bag
The Little Mermaid Royal Clamshell,Disney,18+,1808,4.5,$159.99,,Add to Bag
Moana's Flowerpot,Disney,9+,619,4.7,$39.99,,Add to Bag
Cruella & Maleficent,Disney,10+,320,4.7,$19.99,,Add to Bag
Moana & Merida,Disney,10+,410,5.0,$19.99,,Add to Bag
Elsa's Ice Palace,Disney,6+,630,4.8,$99.99,,Add to Bag
Disney Duos,Disney,6+,553,4.8,$44.99,,Add to Bag
Inside Out 2 Mood Cubes,Disney,9+,394,4.9,$34.99,,Add to Bag
Peter Pan & Wendy's Flight over London,Disney,10+,466,4.8,$59.99,,Add to Bag
Spring Festival Mickey Mouse,Disney,10+,120,5.0,$9.99,,Add to Bag
Eeyore Key Chain,Disney,6+,,4.5,$5.99,,Add to Bag
The Magical Madrigal House,Disney,7+,1560,5.0,$159.99,,Add to Bag
Moana's Wayfinding Boat,Disney,6+,321,5.0,$34.99,,Add to Bag
Twirling Rapunzel,Disney,5+,89,4.7,$9.99,,Add to Bag
Mickey Key Chain,Disney,6+,,3.8,$5.99,,Add to Bag
Ariel's Crystal Cavern,Disney,4+,141,,$29.99,,Add to Bag
Minnie Key Chain,Disney,6+,,5.0,$5.99,,Add to Bag
Winnie the Pooh Key Chain,Disney,6+,,,$5.99,,Add to Bag
Snow White's Jewelry Box,Disney,6+,358,5.0,$44.99,,Add to Bag
Maleficent’s Dragon Form,Disney,7+,583,4.3,$69.99,,Add to Bag
Isabela's Flowerpot,Disney,9+,641,5.0,$39.99,,Add to Bag
Donald Duck Key Chain,Disney,6+,,5.0,$5.99,,Add to Bag
Goofy Key Chain,Disney,6+,,,$5.99,,Add to Bag
Disney Celebration Train​,Disney,4+,200,5.0,$39.99,,Add to Bag
Disney Princess Market Adventure,Disney,6+,817,5.0,$99.99,,Add to Bag
Rapunzel's Tower & The Snuggly Duckling,Disney,6+,623,5.0,$84.99,,Add to Bag
100 Years of Disney Animation Icons,Disney,6+,1022,4.5,$59.99,,Add to Bag
Lightning McQueen & Mater's Car Wash Fun,Disney,2+,29,4.9,$29.99,,Add to Bag
Belle's Storytime Horse Carriage,Disney,5+,62,4.8,$15.99,,Add to Bag
Peter Pan & Wendy's Storybook Adventure,Disney,5+,111,3.7,$19.99,$15.99,Add to Bag
Elsa's Frozen Treats,Disney,5+,82,4.9,$15.99,,Add to Bag
Ultimate Adventure Castle,Disney,6+,698,4.9,$99.99,,Add to Bag
Anna and Elsa's Magical Carousel,Disney,6+,175,4.7,$19.99,,Add to Bag
Snow White Key Chain,Disney,6+,,,$5.99,,Add to Bag
The Enchanted Treehouse,Disney,7+,1016,4.9,$159.99,,Add to Bag
Camping Adventure,Disney,2+,37,4.8,$49.99,,Add to Bag
Mickey & Minnie Birthday Train,Disney,2+,22,5.0,$29.99,,Add to Bag
LEGO® ǀ Disney Frozen 2 Elsa Key Chain,Disney,6+,,,$5.99,,Add to Bag
Daisy Duck Key Chain,Disney,6+,,,$5.99,,Add to Bag
3in1 Magical Castle,Disney,3+,160,4.6,$99.99,,Add to Bag
King Magnifico's Castle,Disney,7+,613,4.9,$99.99,,Add to Bag
LEGO® ǀ Disney Advent Calendar 2024,Disney,5+,253,,$44.99,,Coming Soon
Mack at the Race,Disney,2+,14,5.0,$19.99,,Add to Bag
Mirabel Key Chain,Disney,6+,,,$5.99,,Add to Bag
Ariel's Treasure Chest,Disney,6+,370,5.0,$44.99,,Add to Bag
Asha's Cottage,Disney,7+,509,4.3,$49.99,,Add to Bag
Elsa's Frozen Castle,Disney,4+,163,4.7,$44.99,,Add to Bag
Disney Princess Creative Castles​,Disney,6+,140,5.0,$34.99,,Add to Bag
Elsa & Bruni in the Enchanted Forest,Disney,2+,31,5.0,$29.99,,Add to Bag
Princess Enchanted Journey,Disney,6+,320,4.9,$64.99,,Add to Bag
Aurora's Castle,Disney,4+,187,5.0,$44.99,,Add to Bag
Cinderella and Prince Charming's Castle,Disney,5+,365,4.9,$89.99,,Add to Bag
Asha in the City of Rosas,Disney,6+,154,4.8,$19.99,,Add to Bag
Daisy Duck,Disney,10+,110,4.9,$9.99,$5.99,Out of stock
The Little Mermaid Story Book,Disney,5+,134,4.6,$19.99,$15.99,Out of stock
Mirabel's Photo Frame and Jewelry Box,Disney,6+,334,4.0,$29.99,,Add to Bag
Disney 100th Celebration,Disney,10+,501,4.8,$39.99,$23.99,Out of stock
Mini Disney The Haunted Mansion,Disney,12+,680,4.6,$39.99,$23.99,Out of stock
The Madrigal House,Disney,6+,587,4.1,$49.99,$39.99,Out of stock
Mickey Mouse & Minnie Mouse Stitch-on Patch,Disney,8+,95,4.0,$5.99,,Out of stock
Anna and Olaf's Castle Fun,Disney,4+,108,4.9,$29.99,$23.99,Out of stock
Round 4x4 Key Chain,DOTS,6+,,,$6.99,,Add to Bag
Secret Diary with Lock,DOTS,6+,,,$19.99,$15.99,Add to Bag
Secret Coding Fun!,DOTS,,,,$12.99,,Add to Bag
Notebook with Elastic Band,DOTS,6+,,,$14.99,$11.99,Out of stock
Mickey Mouse & Minnie Mouse Stitch-on Patch,DOTS,8+,95,4.0,$5.99,,Out of stock
Peppa Pig Supermarket,DUPLO®,2+,70,5.0,$69.99,,Add to Bag
Ariel's Magical Underwater Palace,DUPLO®,2+,116,4.9,$79.99,,Add to Bag
Peppa Pig Birthday House,DUPLO®,2+,59,4.9,$39.99,,Add to Bag
Spin's Motorcycle Adventure,DUPLO®,2+,24,5.0,$19.99,,Add to Bag
Ariel and Flounder's Café Stand,DUPLO®,2+,22,5.0,$19.99,,Add to Bag
Peppa Pig Garden and Tree House,DUPLO®,2+,20,5.0,$19.99,,Add to Bag
Cargo Train,DUPLO®,,105,3.9,$129.99,,Add to Bag
Heart Box,DUPLO®,1½+,80,5.0,$19.99,,Add to Bag
Wild Animals of the World,DUPLO®,2+,142,4.9,$129.99,,Add to Bag
LEGO® DUPLO® Green Building Plate,DUPLO®,1½+,1,5.0,$14.99,,Add to Bag
Truck & Tracked Excavator,DUPLO®,2+,20,4.7,$19.99,,Add to Bag
Peppa Pig Boat Trip,DUPLO®,2+,23,5.0,$29.99,,Add to Bag
Number Train - Learn To Count,DUPLO®,1½+,23,5.0,$19.99,,Add to Bag
Caring for Animals at the Farm,DUPLO®,2+,74,5.0,$49.99,,Add to Bag
Fire Station & Helicopter,DUPLO®,2+,117,4.7,$89.99,,Add to Bag
Lightning McQueen & Mater's Car Wash Fun,DUPLO®,2+,29,4.9,$29.99,,Add to Bag
Tech Machines,DUPLO®,,95,5.0,$249.95,,Add to Bag
Deluxe Brick Box,DUPLO®,1½+,85,4.1,$49.99,,Add to Bag
Cars and Trucks Brick Box,DUPLO®,1½+,80,5.0,$49.99,,Add to Bag
Mickey & Minnie Birthday Train,DUPLO®,2+,22,5.0,$29.99,,Add to Bag
STEAM Park,DUPLO®,,295,5.0,$219.95,,Add to Bag
Mack at the Race,DUPLO®,2+,14,5.0,$19.99,,Add to Bag
Alphabet Truck,DUPLO®,2+,36,4.8,$39.99,,Add to Bag
Visit to the Vet Clinic,DUPLO®,2+,28,4.7,$19.99,,Add to Bag
LEGO® Education My XL World,DUPLO®,,480,,$299.95,,Add to Bag
Train Tracks,DUPLO®,,23,4.8,$19.99,,Add to Bag
Caring for Bees & Beehives,DUPLO®,2+,22,5.0,$19.99,,Add to Bag
Train Bridge and Tracks,DUPLO®,,26,5.0,$24.99,,Add to Bag
Brick Box,DUPLO®,1½+,65,5.0,$29.99,,Add to Bag
3in1 Family House,DUPLO®,3+,218,4.9,$129.99,,Add to Bag
3in1 Tree House,DUPLO®,3+,126,4.8,$89.99,,Add to Bag
Wild Animals of Africa,DUPLO®,2+,10,3.7,$9.99,,Add to Bag
Bath Time Fun: Floating Animal Train,DUPLO®,1½+,14,4.5,$19.99,,Add to Bag
Fire Truck,DUPLO®,2+,21,4.9,$29.99,,Add to Bag
Police Motorcycle,DUPLO®,2+,5,5.0,$9.99,,Add to Bag
Elsa & Bruni in the Enchanted Forest,DUPLO®,2+,31,5.0,$29.99,,Add to Bag
3in1 Magical Castle,DUPLO®,3+,160,4.6,$99.99,,Add to Bag
Construction Site,DUPLO®,2+,61,4.8,$64.99,,Add to Bag
Alphabet Town,DUPLO®,1½+,87,5.0,$49.99,,Add to Bag
Fruit and Vegetable Tractor,DUPLO®,1½+,19,4.6,$19.99,,Add to Bag
Spider-Man's House,DUPLO®,2+,25,4.9,$19.99,,Add to Bag
Camping Adventure,DUPLO®,2+,37,4.8,$49.99,,Add to Bag
Dream Playground,DUPLO®,2+,75,4.7,$49.99,,Add to Bag
Recycling Truck,DUPLO®,2+,15,4.7,$19.99,,Add to Bag
Organic Garden,DUPLO®,1½+,43,4.6,$44.99,,Add to Bag
Police Station & Helicopter,DUPLO®,2+,40,5.0,$49.99,,Add to Bag
Animal Train,DUPLO®,1½+,19,4.9,$19.99,,Add to Bag
The Bus Ride,DUPLO®,2+,16,5.0,$19.99,,Add to Bag
Tubes,DUPLO®,,150,4.4,$174.95,,Add to Bag
Coding Express,DUPLO®,,234,3.5,$249.95,,Add to Bag
Wind Turbine and Electric Car,DUPLO®,2+,16,5.0,$9.99,,Add to Bag
3in1 Space Shuttle Adventure,DUPLO®,3+,58,4.8,$59.99,,Add to Bag
Daily Routines: Bath Time,DUPLO®,1½+,15,4.0,$9.99,,Add to Bag
Backpack – Tiger,DUPLO®,,4-6,,$45.00,,Add to Bag
Growing Carrot,DUPLO®,1½+,11,4.1,$9.99,,Add to Bag
Steam Train,DUPLO®,,59,3.5,$64.99,,Out of stock
Life At The Day-Care Center,DUPLO®,2+,67,4.8,$44.99,,Add to Bag
Family House on Wheels,DUPLO®,2+,31,4.7,$19.99,,Add to Bag
Organic Market,DUPLO®,1½+,40,4.5,$29.99,,Add to Bag
Big Feelings & Emotions,DUPLO®,1½+,23,4.7,$29.99,,Add to Bag
Water Park,DUPLO®,2+,19,4.7,$39.99,,Add to Bag
Buildable People with Big Emotions,DUPLO®,3+,71,4.9,$49.99,,Add to Bag
Backpack – Monkey,DUPLO®,,4-6,,$45.00,,Add to Bag
Daily Routines: Eating & Bedtime,DUPLO®,1½+,28,5.0,$29.99,,Add to Bag
Backpack – Panda,DUPLO®,,4-6,,$45.00,,Add to Bag
Santa's Gingerbread House,DUPLO®,2+,50,4.4,$34.99,$27.99,Out of stock
Dinosaur Nursery,DUPLO®,2+,27,4.9,$19.99,,Out of stock
Andrea's Modern Mansion,Friends,14+,2275,5.0,$199.99,,Add to Bag
Heartlake City Café,Friends,6+,426,5.0,$29.99,,Add to Bag
Castle Bed and Breakfast,Friends,12+,1311,5.0,$99.99,,Add to Bag
Botanical Garden,Friends,12+,1072,5.0,$79.99,,Add to Bag
Heartlake City Water Park,Friends,8+,814,5.0,$79.99,,Add to Bag
Heartlake City Shopping Mall,Friends,8+,1237,4.8,$119.99,,Add to Bag
Adventure Camp Tree House,Friends,8+,1128,4.9,$129.99,,Add to Bag
Heartlake City Hospital,Friends,7+,1045,5.0,$109.99,,Add to Bag
Hamster Playground,Friends,6+,167,4.0,$19.99,,Add to Bag
Adventure Camp Archery Range,Friends,6+,157,5.0,$14.99,,Add to Bag
LEGO® Friends Advent Calendar 2024,Friends,6+,272,,$32.99,,Coming Soon
Heartlake City Community Center,Friends,9+,1513,4.9,$139.99,,Add to Bag
Adventure Camp Cozy Cabins,Friends,7+,437,5.0,$44.99,,Add to Bag
Dog-Grooming Car,Friends,4+,60,5.0,$9.99,,Add to Bag
Beach Water Scooter,Friends,5+,84,5.0,$9.99,,Add to Bag
Olly and Paisley's Family Houses,Friends,7+,1126,4.9,$99.99,,Add to Bag
Autumn's House,Friends,7+,853,4.8,$69.99,,Add to Bag
Beach Smoothie Stand,Friends,6+,213,5.0,$19.99,,Add to Bag
Adventure Camp Water Sports,Friends,7+,628,4.9,$69.99,,Add to Bag
Hot Dog Food Truck,Friends,4+,100,4.9,$19.99,,Add to Bag
Cat Playground Adventure,Friends,5+,87,4.9,$10.99,,Add to Bag
Holiday Ski Slope and Café,Friends,9+,980,5.0,$79.99,,Add to Bag
Mobile Tiny House,Friends,7+,785,4.9,$64.99,,Add to Bag
Mobile Bakery Food Cart,Friends,6+,125,5.0,$10.99,,Add to Bag
Sports Center,Friends,8+,832,4.2,$94.99,$75.99,Add to Bag
Heartlake City Community Kitchen,Friends,8+,695,5.0,$67.99,,Add to Bag
Dog Rescue Center,Friends,7+,617,5.0,$59.99,,Add to Bag
Heartlake Downtown Diner,Friends,6+,346,4.9,$29.99,,Add to Bag
Pet Adoption Day,Friends,6+,400,4.9,$44.99,,Add to Bag
Vintage Fashion Store,Friends,6+,409,5.0,$44.99,,Add to Bag
Dog Rescue Bike,Friends,6+,125,4.9,$9.99,,Add to Bag
Farm Animal Sanctuary,Friends,6+,489,5.0,$54.99,,Add to Bag
Mars Space Base and Rocket,Friends,8+,981,4.9,$79.99,,Add to Bag
Beach Amusement Park,Friends,12+,1348,4.8,$119.99,,Add to Bag
Horse and Pony Trailer,Friends,4+,105,4.9,$19.99,,Add to Bag
Stargazing Camping Vehicle,Friends,7+,364,4.7,$29.99,,Add to Bag
Heartlake City Preschool,Friends,4+,239,5.0,$49.99,,Add to Bag
Sea Rescue Center,Friends,7+,376,4.7,$49.99,,Add to Bag
Leo's Room,Friends,6+,203,4.8,$19.99,$15.99,Add to Bag
Heartlake International School,Friends,8+,985,4.8,$99.99,,Add to Bag
Aliya's Room,Friends,6+,209,4.9,$19.99,,Add to Bag
Autumn's Baby Cow Shed,Friends,5+,79,4.9,$10.99,,Add to Bag
Space Research Rover,Friends,8+,514,5.0,$49.99,,Add to Bag
Sea Rescue Boat,Friends,7+,717,4.9,$79.99,,Add to Bag
Nova's Room,Friends,6+,179,4.8,$19.99,,Add to Bag
Electric Car and Charger,Friends,6+,170,4.8,$15.99,,Add to Bag
Pancake Shop,Friends,6+,157,5.0,$10.99,,Add to Bag
Autumn's Horse Stable,Friends,7+,545,4.7,$59.99,,Add to Bag
Heartlake City Hospital Ambulance,Friends,6+,344,4.8,$34.99,,Add to Bag
Farm Animal Vet Clinic,Friends,4+,161,5.0,$29.99,,Add to Bag
Igloo Holiday Adventure,Friends,8+,491,5.0,$49.99,,Add to Bag
Horse Training,Friends,4+,134,5.0,$29.99,,Add to Bag
Liann's Room,Friends,6+,204,4.7,$19.99,,Add to Bag
Tiny Accessories Store,Friends,6+,129,5.0,$10.99,,Add to Bag
Paisley's House,Friends,4+,185,5.0,$39.99,$31.99,Add to Bag
Pop Star Music Tour Bus,Friends,8+,845,5.0,$84.99,,Add to Bag
Sea Rescue Plane,Friends,6+,203,4.8,$19.99,,Add to Bag
Beach Buggy Fun,Friends,4+,61,4.8,$10.99,,Add to Bag
Karaoke Music Party,Friends,6+,196,5.0,$19.99,,Add to Bag
Heartlake City Bus,Friends,7+,480,4.7,$49.99,,Add to Bag
Newsroom Van,Friends,6+,446,4.9,$29.99,,Add to Bag
Heartlake City Music Talent Show,Friends,7+,669,5.0,$64.99,,Add to Bag
Play Stories,Friends,8+,,,$14.99,,Add to Bag
Skate Park,Friends,6+,431,4.9,$49.99,,Out of stock
Gringotts™ Wizarding Bank – Collectors' Edition,Harry Potter™,18+,4801,4.8,$429.99,,Add to Bag
Ollivanders™ & Madam Malkin's Robes,Harry Potter™,8+,744,4.5,$89.99,,Add to Bag
Mandrake,Harry Potter™,10+,579,5.0,$69.99,,Add to Bag
Diagon Alley™,Harry Potter™,16+,5544,4.9,$449.99,,Add to Bag
Triwizard Tournament: The Arrival,Harry Potter™,10+,1229,4.5,$139.99,,Add to Bag
Hogwarts™ Castle,Harry Potter™,16+,6020,4.6,$469.99,,Add to Bag
Hogwarts™ Castle: The Great Hall,Harry Potter™,10+,1732,4.4,$199.99,,Add to Bag
Hogwarts™ Castle: Potions Class,Harry Potter™,8+,397,5.0,$39.99,,Add to Bag
Aragog in the Forbidden Forest™,Harry Potter™,7+,195,4.8,$19.99,,Add to Bag
Hogwarts™ Castle and Grounds,Harry Potter™,18+,2660,4.6,$169.99,,Add to Bag
Flying Ford Anglia™,Harry Potter™,7+,165,5.0,$14.99,,Add to Bag
Magical Defenders,Harry Potter™,5+,,,$14.99,,Add to Bag
Hogwarts™ Icons - Collectors' Edition,Harry Potter™,18+,3010,4.9,$299.99,,Add to Bag
Hagrid's Hut: An Unexpected Visit,Harry Potter™,8+,896,5.0,$74.99,,Add to Bag
Dumbledore's Army,Harry Potter™,6+,,,$14.99,,Add to Bag
Hogsmeade™ Village Visit,Harry Potter™,8+,851,4.5,$89.99,$71.99,Backorder
Prisoner of Azkaban™ Figures,Harry Potter™,10+,697,4.5,$49.99,,Add to Bag
Buckbeak™,Harry Potter™,9+,723,4.8,$59.99,,Add to Bag
Talking Sorting Hat™,Harry Potter™,18+,561,4.9,$99.99,,Add to Bag
Magical Treasury,Harry Potter™,7+,,4.0,$21.99,,Add to Bag
Hogwarts™ Castle Owlery,Harry Potter™,8+,364,4.8,$44.99,,Add to Bag
Diagon Alley™: Weasleys' Wizard Wheezes™,Harry Potter™,8+,834,4.7,$89.99,,Add to Bag
The Shrieking Shack & Whomping Willow™,Harry Potter™,9+,777,2.0,$89.99,,Add to Bag
Hogwarts Express™ – Collectors' Edition,Harry Potter™,18+,5129,4.5,$499.99,,Add to Bag
Hogwarts™ Chamber of Secrets,Harry Potter™,9+,1176,4.4,$149.99,,Add to Bag
Harry Potter™ & Cho Chang,Harry Potter™,10+,267,4.8,$19.99,,Add to Bag
Hogwarts™ Castle Boathouse,Harry Potter™,8+,350,5.0,$37.99,,Add to Bag
Dobby™ the House-Elf,Harry Potter™,8+,403,4.9,$34.99,,Add to Bag
Kingsley Shacklebolt™ & Nymphadora Tonks™,Harry Potter™,10+,250,5.0,$19.99,,Add to Bag
Hogwarts™ Astronomy Tower,Harry Potter™,9+,971,4.5,$99.99,$79.99,Backorder
Hogwarts Express ™ Train Set with Hogsmeade Station™,Harry Potter™,8+,1074,4.6,$129.99,,Add to Bag
Draco Malfoy™ & Cedric Diggory,Harry Potter™,10+,262,5.0,$19.99,,Add to Bag
Expecto Patronum,Harry Potter™,14+,754,4.4,$69.99,,Add to Bag
Forbidden Forest™: Magical Creatures,Harry Potter™,8+,172,4.7,$29.99,,Add to Bag
The Battle of Hogwarts™,Harry Potter™,9+,730,4.4,$79.99,,Add to Bag
Hogwarts™: Dumbledore’s Office,Harry Potter™,8+,654,4.7,$79.99,,Add to Bag
Hogwarts™: Room of Requirement,Harry Potter™,8+,587,4.5,$49.99,,Add to Bag
Hedwig™ at 4 Privet Drive,Harry Potter™,7+,337,4.5,$19.99,,Add to Bag
Triwizard Tournament: The Black Lake,Harry Potter™,8+,349,4.6,$44.99,,Add to Bag
Dumbledore Key Chain,Harry Potter™,6+,,5.0,$5.99,$3.59,Add to Bag
Voldemort™ Key Chain,Harry Potter™,6+,,,$5.99,$3.59,Add to Bag
Quidditch™ Trunk,Harry Potter™,9+,599,4.5,$67.99,,Add to Bag
Play and Display Case – Harry Potter™ Hogwarts™,Harry Potter™,6+,,4.8,$35.99,,Add to Bag
Hermione Key Chain,Harry Potter™,6+,,,$5.99,,Add to Bag
Harry Potter™ Key Chain,Harry Potter™,6+,,5.0,$5.99,,Add to Bag
Knight Bus™ Bag Tag,Harry Potter™,6+,,,$9.99,,Add to Bag
Minifigure Display Case 16 – Harry Potter™,Harry Potter™,6+,,,$29.99,,Add to Bag
Sorting Box – Harry Potter™,Harry Potter™,6+,,4.2,$10.99,,Add to Bag
Harry Potter™ Key Light,Harry Potter™,6+,,,$14.99,,Add to Bag
"Harry, Hermione, Ron & Hagrid™",Harry Potter™,10+,466,4.7,$24.99,$14.99,Out of stock
Character Encyclopedia,Harry Potter™,6+,,3.0,$21.99,,Add to Bag
Harry Potter™ Notebook,Harry Potter™,6+,,,$14.99,,Add to Bag
Hermione Granger™ Key Light,Harry Potter™,6+,,,$14.99,,Add to Bag
Hogwarts™ at Christmas,Harry Potter™,7+,,,$16.99,,Add to Bag
Hedwig™ Bag Tag,Harry Potter™,6+,,,$9.99,,Add to Bag
5-Minute Harry Potter™ Builds,Harry Potter™,6+,,1.0,$15.99,,Add to Bag
Ron Weasley™ Key Light,Harry Potter™,6+,,,$14.99,,Add to Bag
Hogwarts™ Lunch Set,Harry Potter™,6+,,4.0,$10.99,,Add to Bag
Ideas Book,Harry Potter™,6+,,,$24.99,,Add to Bag
Gryffindor™ Lunch Set,Harry Potter™,6+,,,$10.99,,Add to Bag
Albus Dumbledore™ Bag Tag,Harry Potter™,6+,,,$9.99,,Add to Bag
Hedwig™ Plush,Harry Potter™,4+,,,$26.99,,Add to Bag
Harry Potter™ Quidditch™ Bag Tag,Harry Potter™,6+,,,$9.99,,Add to Bag
Let’s Play Quidditch™,Harry Potter™,,6-10,,$8.99,,Add to Bag
Wizarding Duels: Potter vs. Malfoy,Harry Potter™,,6-10,,$14.99,,Add to Bag
Lord Voldemort™ Plush,Harry Potter™,6+,,5.0,$26.99,,Add to Bag
Harry Potter™ Plush,Harry Potter™,4+,,,$26.99,,Add to Bag
Hermione Granger™ Plush,Harry Potter™,4+,,,$26.99,,Add to Bag
Hagrid™ Plush,Harry Potter™,6+,,5.0,$38.99,,Add to Bag
Ron Weasley™ Plush,Harry Potter™,6+,,,$26.99,,Add to Bag
Hermione Granger™ Bag Tag,Harry Potter™,6+,,,$9.99,,Add to Bag
Ron Weasley™ Bag Tag,Harry Potter™,6+,,,$9.99,,Add to Bag
Albus Dumbledore™ Plush,Harry Potter™,4+,,5.0,$26.99,,Add to Bag
Hogwarts™: Polyjuice Potion Mistake,Harry Potter™,7+,217,4.8,$19.99,$15.99,Out of stock
Hedwig™,Harry Potter™,10+,630,4.6,$39.99,$31.99,Out of stock
The Ministry of Magic™,Harry Potter™,9+,990,3.7,$99.99,$69.99,Out of stock
LEGO® Harry Potter™ 2024 Advent Calendar,Harry Potter™,7+,301,,$44.99,,Coming Soon
Jaws,Ideas,18+,1497,,$149.99,,Coming Soon
Dungeons & Dragons: Red Dragon's Tale,Ideas,18+,3745,5.0,$359.99,,Add to Bag
Tuxedo Cat,Ideas,18+,1710,4.8,$99.99,,Add to Bag
The Insect Collection,Ideas,18+,1111,5.0,$79.99,,Add to Bag
Red London Telephone Box,Ideas,18+,1460,4.7,$114.99,,Add to Bag
Disney Hocus Pocus: The Sanderson Sisters' Cottage,Ideas,18+,2316,4.3,$229.99,,Add to Bag
Tales of the Space Age,Ideas,18+,688,4.8,$49.99,,Add to Bag
Typewriter,Ideas,18+,2079,4.4,$249.99,,Add to Bag
The Orient Express Train,Ideas,18+,2540,4.3,$299.99,,Add to Bag
Polaroid OneStep SX-70 Camera,Ideas,18+,516,4.5,$79.99,,Add to Bag
Vincent van Gogh - The Starry Night,Ideas,18+,2316,4.7,$169.99,,Add to Bag
LEGO® Ideas Home Alone,Ideas,18+,3955,4.7,$299.99,,Backorder
A-Frame Cabin,Ideas,18+,2082,4.9,$179.99,,Add to Bag
Motorized Lighthouse,Ideas,18+,2065,4.6,$299.99,,Add to Bag
Viking Village,Ideas,18+,2103,4.7,$129.99,,Add to Bag
The Office,Ideas,18+,1164,5.0,$119.99,,Backorder
The Globe,Ideas,18+,2585,4.5,$229.99,,Add to Bag
Tree House,Ideas,16+,3036,4.6,$249.99,,Add to Bag
Jazz Quartet,Ideas,18+,1606,4.8,$99.99,,Add to Bag
LEGO® Ideas Fender® Stratocaster™,Ideas,18+,1074,4.4,$119.99,,Add to Bag
Grand Piano,Ideas,18+,3662,4.3,$399.99,,Add to Bag
Family Tree,Ideas,18+,1040,4.3,$79.99,,Add to Bag
BTS Dynamite,Ideas,18+,749,4.7,$99.99,$69.99,Add to Bag
Sonic the Hedgehog™ – Green Hill Zone,Ideas,18+,1125,4.6,$79.99,,Add to Bag
Dinosaur Fossils: T. rex Skull,Jurassic World,9+,577,5.0,$39.99,,Add to Bag
Dinosaur Missions: Stegosaurus Discovery,Jurassic World,6+,420,,$64.99,,Add to Bag
Baby Bumpy: Ankylosaurus,Jurassic World,7+,358,4.0,$24.99,,Add to Bag
Dilophosaurus Ambush,Jurassic World,6+,211,4.7,$19.99,,Add to Bag
Dinosaur Missions: Allosaurus Transport Truck,Jurassic World,8+,588,5.0,$89.99,,Add to Bag
Giganotosaurus & Therizinosaurus Attack,Jurassic World,9+,810,4.8,$139.99,,Add to Bag
Triceratops Research,Jurassic World,8+,281,3.9,$49.99,,Add to Bag
Brachiosaurus Discovery,Jurassic World,9+,512,4.4,$79.99,,Add to Bag
Visitor Center: T. rex & Raptor Attack,Jurassic World,12+,693,4.4,$129.99,,Add to Bag
Velociraptor Escape,Jurassic World,4+,137,3.3,$39.99,$31.99,Add to Bag
Baby Dinosaur Rescue Center,Jurassic World,4+,139,5.0,$39.99,,Add to Bag
Pyroraptor & Dilophosaurus Transport,Jurassic World,7+,254,4.8,$44.99,,Add to Bag
Blue & Beta Velociraptor Capture,Jurassic World,6+,181,4.9,$34.99,,Add to Bag
T. rex Dinosaur Breakout,Jurassic World,4+,140,4.1,$49.99,,Add to Bag
Jurassic World Activity Landscape Box,Jurassic World,6+,,5.0,$15.99,,Add to Bag
Jurassic World Dominion: Adventures of a Dino Expert!,Jurassic World,,6-10,,$8.99,,Add to Bag
Triceratops Pickup Truck Ambush,Jurassic World,7+,210,5.0,$44.99,,Out of stock
K.K.'s Concert at the Plaza,LEGO® Animal Crossing™,7+,550,,$79.99,,Add to Bag
Fly with Dodo Airlines,LEGO® Animal Crossing™,7+,292,,$37.99,,Add to Bag
Isabelle's House Visit,LEGO® Animal Crossing™,6+,389,4.6,$39.99,,Add to Bag
Nook's Cranny & Rosie's House,LEGO® Animal Crossing™,7+,535,4.8,$74.99,,Add to Bag
Bunnie's Outdoor Activities,LEGO® Animal Crossing™,6+,164,4.8,$19.99,,Add to Bag
Julian's Birthday Party,LEGO® Animal Crossing™,6+,170,5.0,$14.99,,Add to Bag
Kapp'n's Island Boat Tour,LEGO® Animal Crossing™,6+,233,5.0,$29.99,,Add to Bag
Mona Lisa,LEGO® Art,18+,1503,,$99.99,,Pre-order
The Milky Way Galaxy,LEGO® Art,18+,3091,4.9,$199.99,,Backorder
Batman: The Animated Series Gotham City™,LEGO® Art,18+,4210,5.0,$299.99,,Add to Bag
Hokusai – The Great Wave,LEGO® Art,18+,1810,4.5,$99.99,,Add to Bag
The Fauna Collection – Macaw Parrots,LEGO® Art,18+,644,3.5,$59.99,,Add to Bag
Modern Art,LEGO® Art,18+,805,4.0,$49.99,,Add to Bag
The Amazing Spider-Man,LEGO® Art,18+,2099,4.8,$199.99,,Backorder
Toruk Makto & Tree of Souls,LEGO® Avatar,12+,1212,4.6,$149.99,$119.99,Add to Bag
Jake & Neytiri’s First Banshee Flight,LEGO® Avatar,9+,572,4.9,$59.99,$47.99,Add to Bag
Payakan the Tulkun & Crabsuit,LEGO® Avatar,10+,761,4.7,$99.99,$79.99,Add to Bag
Ilu Discovery,LEGO® Avatar,8+,179,4.9,$24.99,$19.99,Add to Bag
Skimwing Adventure,LEGO® Avatar,8+,259,4.8,$34.99,$27.99,Add to Bag
Jake Sully & his Avatar,LEGO® Avatar,10+,246,4.9,$19.99,$11.99,Add to Bag
Play with Braille – English,LEGO® Braille Bricks,6+,287,5.0,$89.99,,Add to Bag
Play with Braille – French,LEGO® Braille Bricks,6+,287,5.0,$89.99,,Add to Bag
Play with Braille – Spanish Alphabet,LEGO® Braille Bricks,6+,287,,$89.99,,Add to Bag
Castle Nocturnia,LEGO® DREAMZzz™,10+,1742,,$199.99,,Add to Bag
The Never Witch's Midnight Raven,LEGO® DREAMZzz™,9+,1203,,$99.99,,Add to Bag
Cooper's Robot Dinosaur C-Rex,LEGO® DREAMZzz™,9+,917,,$79.99,,Add to Bag
Izzie's Dream Animals,LEGO® DREAMZzz™,8+,328,,$39.99,,Add to Bag
Mateo and Z-Blob the Knight Battle Mech,LEGO® DREAMZzz™,10+,1333,,$129.99,,Add to Bag
The Never Witch's Nightmare Creatures,LEGO® DREAMZzz™,9+,457,,$44.99,,Add to Bag
Logan the Mighty Panda,LEGO® DREAMZzz™,7+,342,,$29.99,,Add to Bag
The Sandman's Tower,LEGO® DREAMZzz™,9+,723,4.9,$89.99,,Add to Bag
Dream Village,LEGO® DREAMZzz™,7+,434,4.9,$29.99,,Add to Bag
Mrs. Castillo's Turtle Van,LEGO® DREAMZzz™,7+,434,4.9,$47.99,,Add to Bag
Nightmare Shark Ship,LEGO® DREAMZzz™,10+,1389,5.0,$139.99,,Add to Bag
Zoey's Cat Motorcycle,LEGO® DREAMZzz™,7+,226,,$19.99,,Add to Bag
Mateo and Z-Blob the Robot,LEGO® DREAMZzz™,7+,237,4.7,$19.99,,Add to Bag
Mr. Oz's Space Car,LEGO® DREAMZzz™,8+,350,4.7,$29.99,,Add to Bag
Izzie's Narwhal Hot-Air Balloon,LEGO® DREAMZzz™,7+,156,4.9,$15.99,,Add to Bag
Fantastical Tree House,LEGO® DREAMZzz™,9+,1257,4.9,$109.99,,Add to Bag
Pegasus Flying Horse,LEGO® DREAMZzz™,8+,482,4.8,$49.99,,Add to Bag
Mateo's Off-Road Car,LEGO® DREAMZzz™,7+,94,5.0,$9.99,,Add to Bag
Crocodile Car,LEGO® DREAMZzz™,8+,494,4.9,$59.99,,Add to Bag
Mr. Oz's Spacebus,LEGO® DREAMZzz™,9+,878,4.9,$99.99,,Add to Bag
Izzie and Bunchu the Bunny,LEGO® DREAMZzz™,7+,259,4.9,$19.99,,Add to Bag
Zoey and Zian the Cat-Owl,LEGO® DREAMZzz™,9+,437,4.8,$49.99,,Add to Bag
Stable of Dream Creatures,LEGO® DREAMZzz™,8+,681,4.8,$79.99,,Add to Bag
Grimkeeper the Cage Monster,LEGO® DREAMZzz™,7+,274,5.0,$37.99,,Add to Bag
Peppa Pig Supermarket,LEGO® DUPLO® Peppa Pig,2+,70,5.0,$69.99,,Add to Bag
Peppa Pig Birthday House,LEGO® DUPLO® Peppa Pig,2+,59,4.9,$39.99,,Add to Bag
Peppa Pig Garden and Tree House,LEGO® DUPLO® Peppa Pig,2+,20,5.0,$19.99,,Add to Bag
Peppa Pig Boat Trip,LEGO® DUPLO® Peppa Pig,2+,23,5.0,$29.99,,Add to Bag
LEGO® Education SPIKE™ Prime Set,LEGO® Education,10+,528,4.7,$399.95,,Add to Bag
LEGO® Education SPIKE™ Prime Expansion Set,LEGO® Education,10+,604,5.0,$139.95,,Add to Bag
LEGO® Education SPIKE™ Essential Set,LEGO® Education,6+,449,5.0,$319.95,,Add to Bag
LEGO® Education BricQ Motion Prime Set,LEGO® Education,10+,564,5.0,$149.95,,Add to Bag
LEGO® Education BricQ Motion Essential Set,LEGO® Education,6+,523,5.0,$149.95,,Add to Bag
Coding Express,LEGO® Education,,234,3.5,$249.95,,Add to Bag
STEAM Park,LEGO® Education,,295,5.0,$219.95,,Add to Bag
Tech Machines,LEGO® Education,,95,5.0,$249.95,,Add to Bag
Tubes,LEGO® Education,,150,4.4,$174.95,,Add to Bag
LEGO® Education My XL World,LEGO® Education,,480,,$299.95,,Add to Bag
People,LEGO® Education,,44,,$119.95,,Add to Bag
StoryTales,LEGO® Education,,109,1.0,$169.95,,Add to Bag
LEGO® Technic™ Small Hub Battery,LEGO® Education,6+,1,,$71.95,,Out of stock
LEGO® Technic™ Small Hub,LEGO® Education,6+,2,1.7,$219.95,,Out of stock
Battle Bus,LEGO® Fortnite,10+,954,,$99.99,,Pre-order
Supply Llama,LEGO® Fortnite,12+,691,,$39.99,,Pre-order
Durrr Burger,LEGO® Fortnite,9+,193,,$14.99,,Pre-order
Peely Bone,LEGO® Fortnite,18+,1414,,$99.99,,Pre-order
Gabby's Dollhouse,LEGO® Gabby's Dollhouse,4+,498,4.1,$79.99,,Add to Bag
Gabby's Kitty Care Ear,LEGO® Gabby's Dollhouse,4+,165,5.0,$39.99,,Add to Bag
Crafting with Baby Box,LEGO® Gabby's Dollhouse,4+,60,,$14.99,,Add to Bag
Gabby's Party Room,LEGO® Gabby's Dollhouse,4+,252,5.0,$49.99,,Add to Bag
Bakey with Cakey Fun,LEGO® Gabby's Dollhouse,4+,58,5.0,$10.99,,Add to Bag
Gabby & MerCat's Ship & Spa,LEGO® Gabby's Dollhouse,4+,88,4.8,$19.99,,Add to Bag
Kitty Fairy's Garden Party,LEGO® Gabby's Dollhouse,4+,130,5.0,$34.99,,Add to Bag
The Lord of the Rings: Barad-dûr™,LEGO® Icons,18+,5471,4.2,$459.99,,Add to Bag
Chrysanthemum,LEGO® Icons,18+,278,,$29.99,,Add to Bag
Plum Blossom,LEGO® Icons,18+,327,,$29.99,,Add to Bag
NASA Artemis Space Launch System,LEGO® Icons,18+,3601,4.5,$259.99,,Add to Bag
THE LORD OF THE RINGS: RIVENDELL™,LEGO® Icons,18+,6167,5.0,$499.99,,Backorder
LEGO® Titanic,LEGO® Icons,18+,9090,4.9,$679.99,,Backorder
Lamborghini Countach 5000 Quattrovalvole,LEGO® Icons,18+,1506,4.5,$179.99,,Add to Bag
Bumblebee,LEGO® Icons,18+,950,4.5,$89.99,,Add to Bag
Retro Radio,LEGO® Icons,18+,906,4.6,$99.99,,Add to Bag
Orchid,LEGO® Icons,18+,608,4.9,$49.99,,Add to Bag
Natural History Museum,LEGO® Icons,18+,4014,4.4,$299.99,,Add to Bag
Medieval Town Square,LEGO® Icons,18+,3304,4.5,$229.99,,Add to Bag
PAC-MAN Arcade,LEGO® Icons,18+,2651,4.8,$269.99,,Add to Bag
Eiffel tower,LEGO® Icons,18+,10001,4.1,$629.99,,Add to Bag
Concorde,LEGO® Icons,18+,2083,5.0,$199.99,,Add to Bag
Tranquil Garden,LEGO® Icons,18+,1363,4.9,$109.99,,Add to Bag
Tiny Plants,LEGO® Icons,18+,758,4.9,$49.99,,Add to Bag
Alpine Lodge,LEGO® Icons,18+,1517,4.9,$99.99,,Add to Bag
Kingfisher Bird,LEGO® Icons,18+,834,4.7,$49.99,,Add to Bag
Bonsai Tree,LEGO® Icons,18+,878,4.5,$49.99,,Add to Bag
Porsche 911,LEGO® Icons,18+,1458,4.8,$169.99,,Add to Bag
Jazz Club,LEGO® Icons,18+,2899,4.3,$229.99,,Add to Bag
Wildflower Bouquet,LEGO® Icons,18+,939,4.7,$59.99,,Add to Bag
Lion Knights' Castle,LEGO® Icons,18+,4514,4.4,$399.99,,Add to Bag
Eldorado Fortress,LEGO® Icons,18+,2509,4.8,$214.99,,Add to Bag
Succulents,LEGO® Icons,18+,771,4.6,$49.99,,Add to Bag
Flower Bouquet,LEGO® Icons,18+,756,4.8,$59.99,,Add to Bag
Back to the Future Time Machine,LEGO® Icons,18+,1872,5.0,$199.99,,Add to Bag
Ghostbusters™ ECTO-1,LEGO® Icons,18+,2352,4.6,$239.99,,Add to Bag
Optimus Prime,LEGO® Icons,18+,1508,4.2,$179.99,,Add to Bag
Vespa 125,LEGO® Icons,18+,1107,3.8,$99.99,,Add to Bag
McLaren MP4/4 & Ayrton Senna,LEGO® Icons,18+,693,4.5,$79.99,,Add to Bag
NASA Space Shuttle Discovery,LEGO® Icons,18+,2354,4.7,$199.99,,Add to Bag
Bouquet of Roses,LEGO® Icons,18+,822,4.8,$59.99,,Add to Bag
Chevrolet Camaro Z28,LEGO® Icons,18+,1456,4.6,$169.99,,Add to Bag
Corvette,LEGO® Icons,18+,1210,4.7,$149.99,,Backorder
Land Rover Classic Defender 90,LEGO® Icons,18+,2336,4.4,$239.99,,Add to Bag
Holiday Main Street,LEGO® Icons,18+,1514,4.3,$99.99,,Add to Bag
Boutique Hotel,LEGO® Icons,18+,3066,4.8,$229.99,,Add to Bag
Dune Atreides Royal Ornithopter,LEGO® Icons,18+,1369,4.8,$164.99,,Add to Bag
Loop Coaster,LEGO® Icons,18+,3756,3.5,$399.99,,Add to Bag
Dried Flower Centerpiece,LEGO® Icons,18+,812,4.7,$49.99,,Add to Bag
Atari® 2600,LEGO® Icons,18+,2532,4.6,$239.99,$191.99,Out of stock
Fighter Plane Chase,LEGO® Indiana Jones™,8+,387,4.5,$34.99,,Add to Bag
Escape from the Lost Tomb,LEGO® Indiana Jones™,8+,600,4.8,$39.99,,Add to Bag
Temple of the Golden Idol,LEGO® Indiana Jones™,18+,1545,4.9,$149.99,,Add to Bag
The Bowser Express Train,LEGO® Super Mario™,9+,1392,,$119.99,,Add to Bag
King Boo's Haunted Mansion,LEGO® Super Mario™,8+,932,,$74.99,,Add to Bag
Adventures with Interactive LEGO® Luigi™,LEGO® Super Mario™,6+,210,,$49.99,,Add to Bag
Super Mario World™: Mario & Yoshi,LEGO® Super Mario™,18+,1215,,$129.99,,Pre-order
Adventures with Interactive LEGO® Peach™,LEGO® Super Mario™,6+,208,,$49.99,,Add to Bag
Battle with Roy at Peach's Castle,LEGO® Super Mario™,7+,738,,$64.99,,Add to Bag
Soda Jungle Maker Set,LEGO® Super Mario™,7+,598,,$54.99,,Add to Bag
Goombas' Playground,LEGO® Super Mario™,7+,173,,$14.99,,Add to Bag
Piranha Plant,LEGO® Super Mario™,18+,540,4.7,$59.99,,Add to Bag
Adventures with Interactive LEGO® Mario™,LEGO® Super Mario™,6+,218,,$49.99,,Add to Bag
Nintendo Entertainment System™,LEGO® Super Mario™,18+,2646,4.7,$269.99,,Add to Bag
The Mighty Bowser™,LEGO® Super Mario™,18+,2807,4.9,$269.99,,Add to Bag
Rambi the Rhino Expansion Set,LEGO® Super Mario™,7+,106,4.3,$10.99,$8.79,Add to Bag
Bowser's Muscle Car Expansion Set,LEGO® Super Mario™,8+,458,4.9,$29.99,,Add to Bag
Yoshis' Egg-cellent Forest Expansion Set,LEGO® Super Mario™,6+,107,4.6,$9.99,,Add to Bag
Adventures with Luigi Starter Course,LEGO® Super Mario™,6+,280,4.6,$59.99,$47.99,Backorder
Adventures with Peach Starter Course,LEGO® Super Mario™,6+,354,4.2,$59.99,$47.99,Add to Bag
Penguin Family Snow Adventure Expansion Set,LEGO® Super Mario™,7+,228,5.0,$19.99,,Add to Bag
Peach's Garden Balloon Ride Expansion Set,LEGO® Super Mario™,7+,453,4.9,$49.99,$39.99,Add to Bag
Peach’s Castle Expansion Set,LEGO® Super Mario™,8+,1216,2.8,$129.99,$103.99,Add to Bag
Diddy Kong's Mine Cart Ride Expansion Set,LEGO® Super Mario™,8+,1157,5.0,$109.99,$87.99,Add to Bag
Nabbit at Toad's Shop Expansion Set,LEGO® Super Mario™,7+,230,4.5,$19.99,,Add to Bag
Dixie Kong's Jungle Jam Expansion Set,LEGO® Super Mario™,7+,174,4.7,$26.99,$21.59,Add to Bag
Dry Bowser Castle Battle Expansion Set,LEGO® Super Mario™,8+,1321,4.1,$109.99,,Add to Bag
Larry's and Morton’s Airships Expansion Set,LEGO® Super Mario™,8+,1062,4.2,$79.99,,Add to Bag
Donkey Kong's Tree House Expansion Set,LEGO® Super Mario™,8+,555,4.8,$59.99,,Add to Bag
Dorrie's Sunken Shipwreck Adventure Expansion Set,LEGO® Super Mario™,7+,500,4.8,$44.99,,Add to Bag
Picnic at Mario's House Expansion Set,LEGO® Super Mario™,6+,259,4.5,$37.99,,Add to Bag
Adventures with Mario Starter Course,LEGO® Super Mario™,6+,231,3.6,$59.99,$47.99,Out of stock
Super Mario 64™ Question Mark Block,LEGO® Super Mario™,18+,2064,4.7,$199.99,$159.99,Out of stock
Great Deku Tree 2-in-1,LEGO® The Legend of Zelda™,18+,2500,,$299.99,,Pre-order
The Lord of the Rings: Barad-dûr™,Lord of the Rings™,18+,5471,4.2,$459.99,,Add to Bag
THE LORD OF THE RINGS: RIVENDELL™,Lord of the Rings™,18+,6167,5.0,$499.99,,Backorder
Legolas & Gimli™,Lord of the Rings™,10+,297,5.0,$19.99,,Add to Bag
Gandalf the Grey™ & Balrog™,Lord of the Rings™,10+,348,4.7,$19.99,,Backorder
Frodo™ & Gollum™,Lord of the Rings™,10+,184,4.7,$14.99,,Add to Bag
Aragorn™ & Arwen™,Lord of the Rings™,10+,261,4.8,$19.99,,Add to Bag
Guardians of the Galaxy: The Milano,Marvel,12+,2090,,$179.99,,Add to Bag
The Avengers Assemble: Age of Ultron,Marvel,10+,613,,$99.99,,Add to Bag
Dancing Groot,Marvel,10+,459,,$44.99,,Add to Bag
The Avengers Helicarrier,Marvel,18+,509,,$79.99,,Add to Bag
The Avengers vs. The Leviathan,Marvel,7+,347,,$49.99,,Add to Bag
Thor vs. Surtur Construction Figure,Marvel,8+,245,,$29.99,,Add to Bag
Iron Man & Iron Legion vs. Hydra Soldier,Marvel,6+,135,,$19.99,,Add to Bag
Iron Man with Bike and The Hulk,Marvel,4+,68,,$14.99,,Add to Bag
Avengers Tower,Marvel,18+,5201,5.0,$499.99,,Add to Bag
Iron Man MK5 Figure,Marvel,10+,101,5.0,$9.99,,Add to Bag
Potted Groot,Marvel,10+,113,4.8,$9.99,,Add to Bag
Iron Spider-Man,Marvel,10+,91,4.9,$9.99,,Add to Bag
Daily Bugle,Marvel,18+,3789,4.6,$349.99,,Add to Bag
Spider-Man's Mask,Marvel,18+,487,4.5,$69.99,,Add to Bag
Spider-Man 2024 Advent Calendar,Marvel,7+,246,,$44.99,,Coming Soon
Sanctum Sanctorum,Marvel,18+,2708,4.6,$249.99,,Add to Bag
Spider-Man Final Battle,Marvel,10+,900,4.7,$109.99,,Add to Bag
Captain America's Shield,Marvel,18+,3128,4.3,$199.99,,Add to Bag
Nano Gauntlet,Marvel,18+,675,4.5,$69.99,,Backorder
Infinity Gauntlet,Marvel,18+,590,4.5,$79.99,,Add to Bag
Hulkbuster​,Marvel,18+,4049,3.2,$549.99,$384.99,Add to Bag
X-Men X-Jet,Marvel,8+,359,2.0,$84.99,,Add to Bag
Wolverine's Adamantium Claws,Marvel,18+,596,4.2,$69.99,,Add to Bag
Venomized Groot,Marvel,10+,630,4.4,$49.99,,Add to Bag
Miles Morales Key Chain,Marvel,6+,,5.0,$5.99,,Add to Bag
Endgame Final Battle,Marvel,10+,794,4.4,$99.99,,Add to Bag
Carnage Key Chain,Marvel,6+,,5.0,$5.99,$3.59,Add to Bag
Spider-Man vs. Sandman: Final Battle,Marvel,10+,347,4.7,$37.99,,Add to Bag
The Avengers Quinjet,Marvel,9+,795,4.9,$99.99,,Add to Bag
Black Panther Key Chain,Marvel,6+,,5.0,$5.99,$3.59,Add to Bag
Black Widow & Captain America Motorcycles,Marvel,6+,130,4.7,$15.99,,Add to Bag
Star-Lord's Helmet,Marvel,18+,602,4.6,$79.99,,Add to Bag
War Machine Mech Armor,Marvel,6+,154,4.8,$14.99,,Add to Bag
Rocket Raccoon Key Chain,Marvel,6+,,,$5.99,,Add to Bag
The Hulkbuster: The Battle of Wakanda,Marvel,8+,385,4.1,$49.99,,Add to Bag
Rocket & Baby Groot,Marvel,10+,566,4.6,$59.99,,Add to Bag
Venom Mech Armor vs. Miles Morales,Marvel,6+,134,4.9,$14.99,,Add to Bag
I am Groot,Marvel,10+,476,4.6,$54.99,,Add to Bag
Ant-Man Construction Figure,Marvel,8+,289,4.6,$29.99,,Add to Bag
Iron Spider-Man Construction Figure,Marvel,8+,303,4.6,$29.99,,Add to Bag
The Amazing Spider-Man,Marvel,18+,2099,4.8,$199.99,,Backorder
Motorcycle Chase: Spider-Man vs. Doc Ock,Marvel,6+,77,5.0,$9.99,,Add to Bag
Loki Key Chain,Marvel,6+,,5.0,$5.99,,Add to Bag
Captain America Construction Figure,Marvel,8+,310,4.8,$32.99,,Add to Bag
Iron Man Key Chain,Marvel,6+,,,$5.99,,Add to Bag
Groot Key Chain,Marvel,6+,,,$5.99,,Add to Bag
Spider-Man Figure,Marvel,8+,258,4.3,$24.99,,Add to Bag
Wolverine Construction Figure,Marvel,8+,327,4.3,$32.99,,Add to Bag
Rocket Mech Armor,Marvel,6+,98,4.2,$14.99,,Add to Bag
Scarlet Witch Key Chain,Marvel,6+,,4.5,$5.99,,Add to Bag
Guardians of the Galaxy Headquarters,Marvel,7+,67,4.2,$9.99,$7.99,Out of stock
Green Goblin Construction Figure,Marvel,8+,471,4.9,$34.99,,Add to Bag
Ghost Rider Mech & Bike,Marvel,7+,264,4.8,$34.99,,Add to Bag
Rocket's Warbird vs. Ronan,Marvel,8+,290,4.9,$37.99,,Add to Bag
The Hoopty,Marvel,8+,420,2.6,$89.99,,Add to Bag
Visual Dictionary,Marvel,6+,,,$24.99,,Add to Bag
Miles Morales vs. Morbius,Marvel,7+,220,4.9,$24.99,,Add to Bag
Spider-Man Race Car & Venom Green Goblin,Marvel,7+,227,4.5,$34.99,,Add to Bag
Team Spidey's Mobile Headquarters,Marvel,4+,187,5.0,$49.99,,Add to Bag
Drill Spinner Vehicle,Marvel,4+,58,5.0,$9.99,,Add to Bag
Spider-Man's Car and Doc Ock,Marvel,4+,48,5.0,$9.99,,Add to Bag
Iron Man Hulkbuster vs. Thanos,Marvel,4+,66,4.2,$26.99,,Add to Bag
Team Spidey Web Spinner Headquarters,Marvel,4+,193,5.0,$54.99,,Add to Bag
Baby Rocket's Ship,Marvel,8+,330,4.6,$34.99,,Add to Bag
Spidey vs. Green Goblin,Marvel,4+,84,4.8,$19.99,,Add to Bag
Ghost-Spider Key Chain,Marvel,6+,,,$5.99,,Out of stock
Hulk vs. Rhino Truck Showdown,Marvel,4+,110,4.8,$19.99,,Add to Bag
LEGO® Minifigures Marvel Series 2,Marvel,5+,10,2.3,$4.99,,Out of stock
Shuri's Sunbird,Marvel,8+,355,4.4,$49.99,$29.99,Out of stock
LEGO® Minifigures Marvel Series 2 6 Pack,Marvel,5+,63,1.9,$29.99,,Out of stock
Avengers Advent Calendar,Marvel,7+,243,1.9,$44.99,$31.49,Out of stock
Black Panther: War on the Water,Marvel,8+,545,3.6,$89.99,$53.99,Out of stock
Spider-Man Key Chain,Marvel,6+,,,$5.99,,Out of stock
The Crafting Table,Minecraft®,18+,1195,,$89.99,,Add to Bag
The Cherry Blossom Garden,Minecraft®,8+,304,5.0,$27.99,,Add to Bag
The Ender Dragon and End Ship,Minecraft®,8+,657,5.0,$79.99,,Add to Bag
Baby Pig's Birthday Celebration,Minecraft®,8+,351,,$19.99,,Coming Soon
The Pirate Ship Voyage,Minecraft®,8+,166,,$14.99,,Add to Bag
The Deep Dark Battle,Minecraft®,8+,584,4.9,$64.99,,Add to Bag
The Wolf Stronghold,Minecraft®,8+,312,1.0,$34.99,,Add to Bag
The Badlands Mineshaft,Minecraft®,8+,538,5.0,$59.99,,Add to Bag
The Turtle Beach House,Minecraft®,8+,234,4.9,$26.99,,Add to Bag
The Windmill Farm,Minecraft®,8+,462,,$54.99,,Add to Bag
The Skeleton Dungeon,Minecraft®,8+,364,4.9,$34.99,,Add to Bag
"The ""Abandoned"" Mine",Minecraft®,7+,248,4.9,$19.99,,Add to Bag
The Fox Lodge,Minecraft®,8+,193,5.0,$19.99,,Add to Bag
The Axolotl House,Minecraft®,7+,242,4.9,$26.99,,Add to Bag
The Nether Portal Ambush,Minecraft®,8+,352,5.0,$37.99,,Add to Bag
The Armory,Minecraft®,7+,203,5.0,$19.99,,Add to Bag
Steve's Desert Expedition,Minecraft®,6+,75,4.2,$10.99,,Add to Bag
The Swamp Adventure,Minecraft®,7+,65,5.0,$9.99,,Add to Bag
The Iron Golem Fortress,Minecraft®,9+,868,4.9,$109.99,,Add to Bag
The Pumpkin Farm,Minecraft®,8+,257,4.9,$39.99,,Backorder
The Sword Outpost,Minecraft®,8+,427,4.8,$44.99,,Add to Bag
The Mushroom House,Minecraft®,8+,272,4.9,$24.99,,Add to Bag
The Animal Sanctuary,Minecraft®,7+,206,5.0,$19.99,,Add to Bag
The End Arena,Minecraft®,8+,252,4.8,$24.99,,Add to Bag
The Panda Haven,Minecraft®,8+,553,5.0,$49.99,,Add to Bag
The Bee Cottage,Minecraft®,8+,254,5.0,$24.99,,Add to Bag
The Frog House,Minecraft®,8+,400,4.9,$54.99,,Add to Bag
The Frozen Peaks,Minecraft®,8+,304,4.8,$34.99,,Add to Bag
The Devourer Showdown,Minecraft®,8+,420,5.0,$44.99,,Add to Bag
The Crafting Box 4.0,Minecraft®,8+,605,5.0,$79.99,,Add to Bag
Piglin Key Chain,Minecraft®,6+,,,$5.99,,Add to Bag
The Guardian Battle,Minecraft®,8+,255,4.9,$24.99,$19.99,Out of stock
The Bakery,Minecraft®,8+,154,4.4,$24.99,$19.99,Out of stock
Series 26 Space,Minifigures,5+,9,3.2,$4.99,,Add to Bag
Minifigure Factory,Minifigures,6+,,,$11.99,,
Dungeons & Dragons®,Minifigures,5+,9,,$4.99,,Pre-order
Series 26 Space 6 Pack,Minifigures,5+,54,3.6,$29.94,,Add to Bag
Up-Scaled LEGO® Minifigure,Minifigures,10+,654,1.0,$49.99,,Add to Bag
"Storage Head – Small, Skeleton",Minifigures,6+,,3.8,$12.99,,Add to Bag
LEGO® Minifigure Display Case 16,Minifigures,6+,,4.6,$34.99,,Add to Bag
Mini Skeleton Storage Head – Green,Minifigures,4+,,,$8.99,,Add to Bag
LEGO® Skeleton Storage Head – Large,Minifigures,4+,,5.0,$29.99,,Add to Bag
"Storage Head – Small, Pumpkin",Minifigures,6+,,5.0,$12.99,,Add to Bag
Mini Pumpkin Storage Head,Minifigures,4+,,5.0,$8.99,,Add to Bag
Chili Girl Key Chain,Minifigures,6+,,,$5.99,,Add to Bag
LEGO® Pumpkin Storage Head - Large,Minifigures,6+,,4.0,$29.99,,Add to Bag
Display Case 8 – Black,Minifigures,5+,,5.0,$19.99,,Add to Bag
Astronaut Plush – Red,Minifigures,4+,,,$26.99,,Add to Bag
"Minifigure 1,000-Piece Puzzle",Minifigures,6+,,4.5,$17.99,,Add to Bag
"Minifigure Rainbow 1,000-Piece Puzzle",Minifigures,9+,,5.0,$17.95,,Add to Bag
Large Skeleton Ceramic Mug,Minifigures,3+,,5.0,$24.99,,Add to Bag
French Bull Dog Guy Key Chain,Minifigures,6+,,3.5,$5.99,,Add to Bag
Large Skeleton Ceramic Mug – Green,Minifigures,3+,,5.0,$24.99,,Add to Bag
The Art of the Minifigure,Minifigures,6+,,3.0,$35.00,,Add to Bag
Large Silly Ceramic Mug,Minifigures,3+,,5.0,$24.99,,Add to Bag
LEGO® Minifigure Display Case 16 – Red,Minifigures,3+,,3.8,$34.99,,Add to Bag
Wooden Minifigure,Minifigures,6+,,3.6,$129.99,,Add to Bag
"Space Stars 1,000-Piece Puzzle",Minifigures,6+,,4.9,$17.99,,Add to Bag
Large Happy Boy Ceramic Mug,Minifigures,3+,,4.5,$24.99,,Add to Bag
Large Ceramic Mug,Minifigures,3+,,,$24.99,,Add to Bag
"Minifigure Faces 1,000-Piece Puzzle",Minifigures,6+,,3.9,$17.99,,Add to Bag
Large Winking Girl Ceramic Mug,Minifigures,3+,,5.0,$24.99,,Add to Bag
"Storage Head – Large, Silly",Minifigures,6+,,5.0,$34.99,,Add to Bag
"Storage Head – Small, Silly",Minifigures,4+,,5.0,$16.99,,Add to Bag
Male Doctor Key Light,Minifigures,6+,,,$14.99,,Add to Bag
Minifigure Display Case 16,Minifigures,6+,,,$34.99,,Add to Bag
Astronaut Plush – Pink,Minifigures,4+,,,$26.99,,Add to Bag
LEGO® Storage Head – Mini (Silly),Minifigures,4+,,3.0,$8.99,,Add to Bag
Mini Storage Head Boy – Bright Yellow,Minifigures,4+,,5.0,$8.99,,Add to Bag
Dr. Flieber Key Chain,Minifigures,6+,,4.0,$14.99,,Add to Bag
LEGO® Storage Head – Mini (Winking),Minifigures,4+,,4.0,$8.99,,Add to Bag
LEGO® Minifigure Notes: 20 Notecards and Envelopes,Minifigures,6+,,,$15.99,,Add to Bag
8-Minifigure Display Case – Red,Minifigures,5+,,,$19.99,,Add to Bag
LEGO® Girl Storage Head – Large,Minifigures,5+,,3.5,$34.99,,Add to Bag
LEGO® IDEAS Minifigure Space Mission Puzzle,Minifigures,9+,,5.0,$17.99,,Add to Bag
LEGO® Minifigure Handbook,Minifigures,7+,,,$14.99,,Add to Bag
Minifigure Display Case 16 (8 knob) Blue,Minifigures,5+,,5.0,$34.99,,Add to Bag
LEGO® Minifigures Series 25,Minifigures,5+,9,2.1,$4.99,$3.99,Out of stock
Halloween Tote – Skull,Minifigures,3+,,,$14.99,,Add to Bag
Dungeons & Dragons® 6 Pack,Minifigures,5+,57,,$29.94,,Coming Soon
Unicorn Girl Plush,Minifigures,6+,,,$26.99,,Add to Bag
Halloween Tote – Jack-O’-Lantern,Minifigures,3+,,,$14.99,,Add to Bag
Minifigure Photography,Minifigures,7+,,,$24.99,,Add to Bag
Minifigure Mission,Minifigures,,6-10,,$19.99,,Add to Bag
Butterfly Girl Plush,Minifigures,6+,,,$26.99,,Add to Bag
LEGO® Storage Head – Mini (Girl),Minifigures,4+,,2.7,$8.99,,Add to Bag
Small Parts: The Secret Life of Minifigures,Minifigures,6+,,,$15.99,,Add to Bag
In Focus,Minifigures,6+,,5.0,$30.00,,Add to Bag
"Storage Head – Small, Winking",Minifigures,5+,,5.0,$16.99,,Out of stock
LEGO® Minifigures Series 25 6 Pack,Minifigures,5+,52,3.7,$29.94,$23.95,Out of stock
Heritage Classic Lunch Bag – Minifigure Color Me,Minifigures,3+,,,$22.00,,Out of stock
LEGO® Minifigures Marvel Series 2,Minifigures,5+,10,2.3,$4.99,,Out of stock
Mystery Minifigure Mini-Puzzle Animal Edition,Minifigures,7+,,,$8.95,$7.16,Out of stock
Mystery Minifigure Mini-Puzzle Blue Edition,Minifigures,9+,,2.0,$8.95,$7.16,Out of stock
"Storage Head – Large, Winking",Minifigures,6+,,5.0,$34.99,,Out of stock
Statue of Liberty Bag Tag,Minifigures,6+,,,$9.99,,Out of stock
Mini Skeleton Storage Head – White,Minifigures,4+,,5.0,$8.99,,Out of stock
Astronaut Plush – Blue,Minifigures,4+,,,$26.99,,Out of stock
LEGO® Minifigures Marvel Series 2 6 Pack,Minifigures,5+,63,1.9,$29.99,,Out of stock
Celestial Pagoda,Monkie Kid™,10+,1621,5.0,$149.99,,Add to Bag
Nine-Headed Beast,Monkie Kid™,9+,757,,$99.99,,Add to Bag
Nezha's Ring of Fire Mech,Monkie Kid™,9+,1163,,$139.99,,Add to Bag
Monkie Kid's Team Power Truck,Monkie Kid™,7+,712,5.0,$79.99,,Add to Bag
Megapolis City 5th Anniversary,Monkie Kid™,10+,2330,4.9,$189.99,,Add to Bag
Mei's Guardian Dragon,Monkie Kid™,9+,605,4.9,$74.99,,Add to Bag
The City of Lanterns,Monkie Kid™,9+,2187,4.9,$159.99,,Add to Bag
Monkey King Ultra Mech,Monkie Kid™,10+,1705,4.5,$159.99,,Add to Bag
Creative Vehicles,Monkie Kid™,6+,390,4.9,$34.99,,Add to Bag
Monkie Kid's Combi Mech,Monkie Kid™,7+,277,5.0,$19.99,,Add to Bag
Mei's Dragon Mech,Monkie Kid™,9+,990,4.7,$99.99,,Add to Bag
Mei's Dragon Jet,Monkie Kid™,7+,246,5.0,$19.99,,Add to Bag
Dragon of the East Palace,Monkie Kid™,10+,2364,4.6,$189.99,,Add to Bag
The Mighty Azure Lion,Monkie Kid™,9+,789,4.0,$79.99,,Add to Bag
Monkie Kid's Cloud Airship,Monkie Kid™,7+,540,4.0,$49.99,,Add to Bag
Yellow Tusk Elephant,Monkie Kid™,8+,844,4.0,$79.99,,Add to Bag
Monkie Kid's Team Hideout,Monkie Kid™,9+,1582,4.9,$139.99,,Add to Bag
Monkie Kid's Mini Mech,Monkie Kid™,8+,556,4.9,$54.99,,Add to Bag
Source Dragon of Motion,NINJAGO®,12+,1716,5.0,$149.99,,Add to Bag
Cole's Titan Dragon Mech,NINJAGO®,12+,1055,4.7,$99.99,,Add to Bag
Tournament Battle Arena,NINJAGO®,7+,659,4.8,$49.99,,Add to Bag
Ninja Team Combo Vehicle,NINJAGO®,9+,576,5.0,$89.99,,Add to Bag
Zane's Ice Motorcycle,NINJAGO®,7+,84,4.0,$9.99,,Add to Bag
Tournament Temple City,NINJAGO®,14+,3489,4.7,$249.99,,Add to Bag
NINJAGO® City Markets,NINJAGO®,14+,6163,4.5,$369.99,,Backorder
Cole's Elemental Earth Mech,NINJAGO®,7+,235,4.7,$19.99,,Add to Bag
Kai's Elemental Fire Mech,NINJAGO®,7+,322,4.6,$29.99,,Add to Bag
Jay's Mech Battle Pack,NINJAGO®,6+,78,4.9,$9.99,,Add to Bag
NINJAGO® City Gardens,NINJAGO®,14+,5686,4.3,$349.99,,Add to Bag
Wolf Mask Shadow Dojo,NINJAGO®,9+,1190,5.0,$119.99,,Add to Bag
Kai's Ninja Climber Mech,NINJAGO®,9+,623,4.7,$69.99,,Add to Bag
Young Dragon Riyu,NINJAGO®,6+,132,5.0,$15.99,,Add to Bag
Lloyd's Elemental Power Mech,NINJAGO®,7+,253,5.0,$19.99,,Add to Bag
Egalt the Master Dragon,NINJAGO®,8+,532,4.6,$69.99,,Add to Bag
LEGO® NINJAGO® Visual Dictionary New Edition,NINJAGO®,,6-10,,$21.99,,Add to Bag
Dragon Stone Shrine,NINJAGO®,13+,1212,4.4,$119.99,,Backorder
Jay’s Titan Mech,NINJAGO®,9+,794,4.7,$79.99,,Add to Bag
Arin's Rising Dragon Strike,NINJAGO®,6+,27,4.5,$9.99,,Add to Bag
LEGO® NINJAGO® Choose Your Ninja Mission,NINJAGO®,6+,,,$19.99,,Add to Bag
Zane’s Dragon Power Spinjitzu Race Car,NINJAGO®,7+,307,4.7,$34.99,,Add to Bag
Kai's Rising Dragon Strike,NINJAGO®,6+,24,4.5,$9.99,,Add to Bag
Sora's Elemental Tech Mech,NINJAGO®,7+,209,4.6,$19.99,,Add to Bag
Imperium Dragon Hunter Hound,NINJAGO®,6+,198,4.3,$19.99,,Add to Bag
Nya's Rising Dragon Strike,NINJAGO®,6+,26,5.0,$9.99,,Add to Bag
Jay’s Lightning Jet EVO,NINJAGO®,6+,146,4.8,$9.99,,Add to Bag
Arin's Ninja Off-Road Buggy Car,NINJAGO®,7+,267,4.3,$49.99,,Add to Bag
Zane’s Ice Dragon Creature,NINJAGO®,10+,973,4.8,$99.99,,Add to Bag
Destiny’s Bounty - Race Against Time,NINJAGO®,9+,1739,4.9,$159.99,,Add to Bag
Kai’s Ninja Race Car EVO,NINJAGO®,6+,94,4.8,$9.99,,Add to Bag
Temple of the Dragon Energy Cores,NINJAGO®,8+,1029,5.0,$94.99,,Add to Bag
Nya’s Water Dragon EVO,NINJAGO®,6+,173,4.9,$19.99,,Add to Bag
Elemental Dragon vs. The Empress Mech,NINJAGO®,9+,1038,5.0,$129.99,,Add to Bag
Heatwave Transforming Lava Dragon,NINJAGO®,8+,479,4.6,$54.99,,Add to Bag
Lloyd’s Ninja Street Bike,NINJAGO®,4+,64,4.1,$9.99,,Add to Bag
Sora's Transforming Mech Bike Racer,NINJAGO®,8+,384,4.9,$47.99,,Add to Bag
Lloyd and Arin's Ninja Team Mechs,NINJAGO®,9+,764,3.9,$79.99,,Add to Bag
Golden Ninja,NINJAGO®,,6-10,5.0,$8.99,,Add to Bag
Cole’s Earth Dragon EVO,NINJAGO®,7+,285,4.6,$34.99,,Add to Bag
Lloyd,NINJAGO®,4+,,,$32.99,,Add to Bag
Nya and Arin's Baby Dragon Battle,NINJAGO®,4+,157,5.0,$34.99,,Add to Bag
NINJAGO® Printed Basic Backpack,NINJAGO®,6+,,3.0,$49.99,,Add to Bag
Arin's Battle Mech,NINJAGO®,4+,104,4.9,$15.99,,Add to Bag
Creative Ninja Brick Box,NINJAGO®,5+,530,4.9,$59.99,,Add to Bag
Kai's Source Dragon Battle,NINJAGO®,4+,120,2.3,$37.99,,Add to Bag
Kai and Ras's Car and Bike Battle,NINJAGO®,4+,103,4.9,$19.99,,Add to Bag
Kai’s Mech Rider EVO,NINJAGO®,7+,312,4.6,$44.99,,Add to Bag
Baby Dragon,NINJAGO®,4+,,5.0,$32.99,,Add to Bag
Kai,NINJAGO®,4+,,,$32.99,,Add to Bag
Play Stories,NINJAGO®,8+,,,$14.99,,Add to Bag
Arin,NINJAGO®,4+,,,$32.99,,Add to Bag
Build and Stick: NINJAGO® Dragons,NINJAGO®,6+,,,$14.99,,Add to Bag
Bag Tag Kai,NINJAGO®,6+,,,$9.99,,Add to Bag
Sora,NINJAGO®,4+,,,$32.99,,Add to Bag
Book of Elemental Powers,NINJAGO®,,6-10,,$9.99,,Add to Bag
Volume 1: Garmadon,NINJAGO®,8+,,4.8,$12.99,,Add to Bag
Bag Tag Riyu,NINJAGO®,6+,,,$9.99,,Add to Bag
Twill Baseball Cap with AOP Print,NINJAGO®,8+,,,$24.99,,Add to Bag
Bag Tag Lloyd,NINJAGO®,6+,,,$9.99,,Add to Bag
Spinjitzu Brothers: Maze of the Sphinx,NINJAGO®,,6-10,,$13.99,,Add to Bag
Quest for the Lost Powers: Four Untold Tales,NINJAGO®,,6-10,,$11.99,,Add to Bag
Bag Tag Sora,NINJAGO®,6+,,,$9.99,,Add to Bag
5 Minute Stories,NINJAGO®,6+,,,$14.99,,Add to Bag
Bag Tag Arin,NINJAGO®,6+,,,$9.99,,Add to Bag
Mighty LEGO® Mechs,NINJAGO®,7+,,,$14.99,,Add to Bag
Spinjitzu Brothers: Curse of the Cateye Jewel,NINJAGO®,,6-10,,$9.99,,Add to Bag
Spinjitzu Brothers: The Chroma's Clutches,NINJAGO®,,6-10,,$9.99,,Add to Bag
Spinjitzu Brothers: Lair of Tanabrax,NINJAGO®,,6-10,,$9.99,,Add to Bag
LEGO® NINJAGO® Notebook,NINJAGO®,6+,,5.0,$14.99,,Add to Bag
Hub,Powered UP,7+,1,2.4,$49.99,,Add to Bag
Medium Linear Motor,Powered UP,7+,1,2.4,$16.99,,Add to Bag
Grand Piano,Powered UP,18+,3662,4.3,$399.99,,Add to Bag
Motorized Lighthouse,Powered UP,18+,2065,4.6,$299.99,,Add to Bag
Remote Control,Powered UP,7+,1,5.0,$22.99,,Add to Bag
Loop Coaster,Powered UP,18+,3756,3.5,$399.99,,Add to Bag
Audi RS Q e-tron,Powered UP,10+,914,4.5,$179.99,,Add to Bag
Train Motor,Powered UP,7+,7,5.0,$13.99,,Add to Bag
Light,Powered UP,7+,1,3.0,$9.99,,Add to Bag
Liebherr Crawler Crane LR 13000,Powered UP,18+,2883,4.4,$699.99,,Add to Bag
Holiday Main Street,Powered UP,18+,1514,4.3,$99.99,,Add to Bag
Battery Box,Powered UP,7+,1,2.3,$34.99,,Add to Bag
Freight Train,Powered UP,7+,1153,4.8,$199.99,,Add to Bag
Express Passenger Train,Powered UP,7+,764,4.0,$189.99,,Add to Bag
Move Hub,Powered UP,7+,1,3.1,$79.99,,Add to Bag
Color & Distance Sensor,Powered UP,7+,1,5.0,$13.99,,Add to Bag
LEGO USB Power Adapter,Powered UP,7+,1,1.0,$34.99,,Add to Bag
Technic™ Large Motor,Powered UP,7+,1,4.2,$39.99,,Out of stock
Starter Kit,SERIOUS PLAY®,6+,234,4.2,$36.99,,Add to Bag
Identity and Landscape Kit,SERIOUS PLAY®,6+,2808,3.7,$789.99,,Add to Bag
Window Exploration Bag,SERIOUS PLAY®,6+,5100,3.7,$484.99,,Add to Bag
Connections Kit,SERIOUS PLAY®,6+,2455,3.3,$754.99,,Add to Bag
Super Sonic vs. Egg Drillster,Sonic the Hedgehog™,8+,590,,$79.99,,Add to Bag
Tails' Adventure Boat,Sonic the Hedgehog™,8+,393,,$54.99,,Add to Bag
Knuckles and the Master Emerald Shrine,Sonic the Hedgehog™,8+,325,,$34.99,,Add to Bag
Sonic the Hedgehog™: Knuckles & Shadow,Sonic the Hedgehog™,10+,298,4.8,$19.99,,Add to Bag
"Miles ""Tails"" Prower",Sonic the Hedgehog™,10+,131,4.9,$9.99,,Add to Bag
Sonic the Hedgehog™,Sonic the Hedgehog™,10+,139,4.9,$9.99,,Add to Bag
Shadow the Hedgehog,Sonic the Hedgehog™,18+,720,,$69.99,,Coming Soon
Knuckles' Guardian Mech,Sonic the Hedgehog™,8+,276,4.9,$34.99,,Add to Bag
Shadow the Hedgehog Escape,Sonic the Hedgehog™,8+,196,4.9,$19.99,,Add to Bag
Sonic the Hedgehog™ Key Chain,Sonic the Hedgehog™,6+,,5.0,$5.99,,Add to Bag
Sonic's Green Hill Zone Loop Challenge,Sonic the Hedgehog™,8+,802,4.6,$99.99,,Add to Bag
Tails' Workshop and Tornado Plane,Sonic the Hedgehog™,6+,376,4.9,$39.99,,Add to Bag
Sonic the Hedgehog™ – Green Hill Zone,Sonic the Hedgehog™,18+,1125,4.6,$79.99,,Add to Bag
Sonic vs. Dr. Eggman's Death Egg Robot,Sonic the Hedgehog™,8+,615,4.8,$59.99,,Add to Bag
Amy's Animal Rescue Island,Sonic the Hedgehog™,7+,388,4.6,$49.99,,Add to Bag
Sonic's Speed Sphere Challenge,Sonic the Hedgehog™,6+,292,4.9,$34.99,,Add to Bag
NASCAR® Next Gen Chevrolet Camaro ZL1,Speed Champions,9+,328,,$26.99,,Add to Bag
Ferrari F40 Supercar,Speed Champions,9+,318,,$26.99,,Add to Bag
Mercedes-AMG G 63 & Mercedes-AMG SL 63,Speed Champions,10+,808,4.8,$44.99,,Add to Bag
Aston Martin Safety Car & AMR23,Speed Champions,9+,564,4.4,$44.99,,Add to Bag
2023 McLaren Formula 1 Race Car,Speed Champions,9+,245,4.8,$26.99,,Add to Bag
Lamborghini Lambo V12 Vision GT Super Car,Speed Champions,10+,230,4.0,$26.99,,Add to Bag
Ford Mustang Dark Horse Sports Car,Speed Champions,9+,344,4.8,$26.99,,Add to Bag
BMW M4 GT3 & BMW M Hybrid V8 Race Cars,Speed Champions,9+,676,4.6,$44.99,,Add to Bag
Audi S1 e-tron quattro Race Car,Speed Champions,9+,274,4.6,$26.99,,Add to Bag
Mercedes-AMG F1 W12 E Performance & Mercedes-AMG Project One,Speed Champions,9+,564,4.4,$34.99,,Add to Bag
Lamborghini Countach,Speed Champions,8+,262,4.6,$19.99,,Add to Bag
2 Fast 2 Furious Nissan Skyline GT-R (R34),Speed Champions,9+,319,4.7,$24.99,,Add to Bag
McLaren Solus GT & McLaren F1 LM,Speed Champions,9+,581,4.3,$34.99,,Add to Bag
Ferrari 812 Competizione,Speed Champions,9+,261,4.9,$24.99,,Add to Bag
1970 Ferrari 512 M,Speed Champions,8+,291,4.8,$19.99,,Add to Bag
Porsche 963,Speed Champions,9+,280,2.8,$24.99,,Add to Bag
Iron Spider-Man,Spider-Man,10+,91,4.9,$9.99,,Add to Bag
Spider-Man's Mask,Spider-Man,18+,487,4.5,$69.99,,Add to Bag
Daily Bugle,Spider-Man,18+,3789,4.6,$349.99,,Add to Bag
Miles Morales Key Chain,Spider-Man,6+,,5.0,$5.99,,Add to Bag
Spin's Motorcycle Adventure,Spider-Man,2+,24,5.0,$19.99,,Add to Bag
Spider-Man 2024 Advent Calendar,Spider-Man,7+,246,,$44.99,,Coming Soon
Spider-Man Final Battle,Spider-Man,10+,900,4.7,$109.99,,Add to Bag
Motorcycle Chase: Spider-Man vs. Doc Ock,Spider-Man,6+,77,5.0,$9.99,,Add to Bag
Carnage Key Chain,Spider-Man,6+,,5.0,$5.99,$3.59,Add to Bag
Spider-Man vs. Sandman: Final Battle,Spider-Man,10+,347,4.7,$37.99,,Add to Bag
Spider-Man Figure,Spider-Man,8+,258,4.3,$24.99,,Add to Bag
The Amazing Spider-Man,Spider-Man,18+,2099,4.8,$199.99,,Backorder
Venom Mech Armor vs. Miles Morales,Spider-Man,6+,134,4.9,$14.99,,Add to Bag
Iron Spider-Man Construction Figure,Spider-Man,8+,303,4.6,$29.99,,Add to Bag
Spider-Man's Car and Doc Ock,Spider-Man,4+,48,5.0,$9.99,,Add to Bag
Spider-Man Race Car & Venom Green Goblin,Spider-Man,7+,227,4.5,$34.99,,Add to Bag
Green Goblin Construction Figure,Spider-Man,8+,471,4.9,$34.99,,Add to Bag
Spider-Man's House,Spider-Man,2+,25,4.9,$19.99,,Add to Bag
Team Spidey Web Spinner Headquarters,Spider-Man,4+,193,5.0,$54.99,,Add to Bag
Drill Spinner Vehicle,Spider-Man,4+,58,5.0,$9.99,,Add to Bag
Ghost-Spider Key Chain,Spider-Man,6+,,,$5.99,,Out of stock
Spidey vs. Green Goblin,Spider-Man,4+,84,4.8,$19.99,,Add to Bag
Team Spidey's Mobile Headquarters,Spider-Man,4+,187,5.0,$49.99,,Add to Bag
Hulk vs. Rhino Truck Showdown,Spider-Man,4+,110,4.8,$19.99,,Add to Bag
Mighty LEGO® Mechs,Spider-Man,7+,,,$14.99,,Add to Bag
Spider-Man Key Chain,Spider-Man,6+,,,$5.99,,Out of stock
The Dark Falcon,Star Wars™,10+,1579,,$179.99,,Backorder
Imperial Star Destroyer™,Star Wars™,10+,1555,,$159.99,,Add to Bag
C-3PO™,Star Wars™,18+,1138,,$139.99,,Add to Bag
TIE Fighter & X-Wing Mash-up,Star Wars™,9+,1063,,$109.99,,Add to Bag
Ahsoka Tano's Duel on Peridea,Star Wars™,8+,382,,$54.99,,Add to Bag
The Onyx Cinder,Star Wars™,10+,1325,,$139.99,,Add to Bag
Creative Play Droid™ Builder,Star Wars™,9+,1186,,$99.99,,Add to Bag
Desert Skiff & Sarlacc Pit,Star Wars™,9+,558,,$79.99,,Add to Bag
Jedi Bob's Starfighter,Star Wars™,8+,305,,$39.99,,Add to Bag
Captain Rex™ Y-Wing™ Microfighter,Star Wars™,6+,99,4.5,$12.99,,Add to Bag
Venator-Class Republic Attack Cruiser,Star Wars™,18+,5374,4.6,$649.99,,Add to Bag
TIE Interceptor™,Star Wars™,18+,1931,4.6,$229.99,,Add to Bag
Ambush on Mandalore™ Battle Pack,Star Wars™,6+,109,4.7,$19.99,,Add to Bag
The Force of Creativity,Star Wars™,18+,,3.3,$149.99,,Add to Bag
Boarding the Tantive IV™,Star Wars™,8+,502,4.7,$54.99,,Add to Bag
LEGO® Star Wars™ Advent Calendar 2024,Star Wars™,6+,368,,$44.99,,Coming Soon
Paz Vizsla™ and Moff Gideon™ Battle,Star Wars™,7+,289,4.6,$39.99,,Add to Bag
Clone Commander Cody™,Star Wars™,10+,147,4.9,$9.99,,Add to Bag
Clone Trooper™ & Battle Droid™ Battle Pack,Star Wars™,7+,215,4.7,$29.99,,Add to Bag
Darth Maul's Sith Infiltrator™,Star Wars™,9+,640,4.5,$69.99,,Add to Bag
AT-AT™,Star Wars™,18+,6785,4.2,$849.99,,Add to Bag
Executor Super Star Destroyer™,Star Wars™,18+,630,4.7,$69.99,,Add to Bag
Millennium Falcon™,Star Wars™,18+,921,4.7,$84.99,,Add to Bag
X-Wing Starfighter™,Star Wars™,18+,1953,3.1,$239.99,,Add to Bag
501st Clone Troopers™ Battle Pack,Star Wars™,6+,119,4.5,$19.99,,Add to Bag
R2-D2™,Star Wars™,10+,1050,4.6,$99.99,,Add to Bag
The Phantom Menace™,Star Wars™,10+,732,4.6,$54.99,,Add to Bag
AT-TE™ Walker,Star Wars™,9+,1082,4.5,$139.99,,Add to Bag
Coruscant Guard Gunship™,Star Wars™,9+,1083,4.1,$139.99,,Add to Bag
Millennium Falcon™,Star Wars™,16+,7541,4.5,$849.99,,Add to Bag
Tusken Raider™,Star Wars™,10+,152,4.6,$9.99,,Add to Bag
Obi-Wan Kenobi™ & Darth Vader™,Star Wars™,10+,260,4.7,$19.99,,Backorder
Droideka™,Star Wars™,18+,583,4.7,$64.99,,Add to Bag
Mos Eisley Cantina™,Star Wars™,18+,3187,5.0,$399.99,,Add to Bag
Luke Skywalker™ X-Wing™ Mech,Star Wars™,6+,195,5.0,$15.99,,Add to Bag
332nd Ahsoka's Clone Trooper™ Battle Pack,Star Wars™,6+,108,4.1,$19.99,,Add to Bag
Invisible Hand™,Star Wars™,18+,557,4.8,$49.99,,Add to Bag
BARC Speeder™ Escape,Star Wars™,8+,221,4.5,$29.99,,Add to Bag
Darth Vader™ Helmet,Star Wars™,18+,834,4.7,$79.99,,Add to Bag
Ghost & Phantom II,Star Wars™,10+,1394,4.7,$159.99,,Add to Bag
Mos Espa Podrace™ Diorama,Star Wars™,18+,718,4.4,$79.99,,Add to Bag
Millennium Falcon™,Star Wars™,9+,1353,4.6,$169.99,,Add to Bag
Tantive IV™,Star Wars™,18+,654,4.4,$79.99,,Add to Bag
Yoda's Jedi Starfighter™,Star Wars™,8+,253,4.5,$34.99,,Add to Bag
Emperor's Throne Room™ Diorama,Star Wars™,18+,807,4.6,$99.99,,Add to Bag
Captain Rex™ Helmet,Star Wars™,18+,854,4.9,$69.99,,Add to Bag
Ahsoka Tano's T-6 Jedi Shuttle,Star Wars™,9+,601,4.8,$79.99,,Add to Bag
Clone Commander Cody™ Helmet,Star Wars™,18+,766,4.5,$69.99,,Add to Bag
Boba Fett's Starship™ Microfighter,Star Wars™,6+,85,4.6,$9.99,,Add to Bag
The Mandalorian's N-1 Starfighter™,Star Wars™,9+,412,4.7,$59.99,,Add to Bag
Princess Leia™ (Boushh™) Helmet,Star Wars™,18+,670,4.7,$69.99,,Add to Bag
Obi-Wan Kenobi’s Jedi Starfighter™,Star Wars™,7+,282,4.5,$29.99,,Add to Bag
The Mandalorian N-1 Starfighter™ Microfighter,Star Wars™,6+,88,5.0,$15.99,,Add to Bag
R2-D2™,Star Wars™,18+,2314,4.4,$239.99,,Add to Bag
The Razor Crest™,Star Wars™,18+,6187,4.8,$599.99,,Add to Bag
TIE Bomber™,Star Wars™,9+,625,4.5,$64.99,,Add to Bag
Mandalorian Fang Fighter vs. TIE Interceptor™,Star Wars™,9+,957,4.3,$99.99,,Add to Bag
Chewbacca™,Star Wars™,18+,2319,4.1,$199.99,,Add to Bag
Spider Tank,Star Wars™,9+,526,4.6,$49.99,,Add to Bag
Luke Skywalker’s Landspeeder™,Star Wars™,18+,1890,4.5,$239.99,,Add to Bag
Endor™ Speeder Chase Diorama,Star Wars™,18+,608,4.8,$79.99,,Add to Bag
Boba Fett™ Mech,Star Wars™,6+,155,4.6,$15.99,,Add to Bag
Yavin 4 Rebel Base,Star Wars™,8+,1066,4.3,$169.99,,Add to Bag
Darth Vader™ Mech,Star Wars™,6+,139,4.6,$15.99,,Add to Bag
The Mandalorian™ Helmet,Star Wars™,18+,584,3.8,$69.99,,Add to Bag
Stormtrooper™ Mech,Star Wars™,6+,138,4.8,$15.99,,Add to Bag
New Republic E-Wing™ vs. Shin Hati’s Starfighter™,Star Wars™,9+,1056,5.0,$109.99,,Add to Bag
Darth Vader™ Key Chain,Star Wars™,6+,,,$5.99,,Add to Bag
Grogu™ Key Chain,Star Wars™,6+,,4.5,$5.99,,Add to Bag
Millennium Falcon™ Holiday Diorama,Star Wars™,8+,282,4.6,$29.99,$17.99,Out of stock
Pirate Snub Fighter,Star Wars™,8+,285,4.4,$34.99,,Add to Bag
The Mandalorian™ with Grogu™ Bag Tag,Star Wars™,6+,,5.0,$6.99,,Add to Bag
Tenoo Jedi Temple™,Star Wars™,4+,124,3.8,$39.99,,Add to Bag
Darth Vader™ Plush,Star Wars™,6+,,5.0,$26.99,,Add to Bag
Chewbacca™ Plush,Star Wars™,4+,,3.4,$26.99,,Add to Bag
Luke Skywalker™ Pilot Key Chain,Star Wars™,6+,,5.0,$5.99,,Out of stock
Yoda™ Bag Tag,Star Wars™,6+,,,$5.99,,Add to Bag
Ewok Plush,Star Wars™,4+,,5.0,$31.99,,Add to Bag
The Child Plush,Star Wars™,6+,,3.6,$26.99,,Add to Bag
Darth Vader™ Holiday Plush,Star Wars™,4+,,5.0,$30.99,,Add to Bag
Chewbacca™ Holiday Plush,Star Wars™,4+,,3.5,$30.99,,Add to Bag
Scout Trooper™ Key Chain,Star Wars™,6+,,5.0,$5.99,,Add to Bag
R2-D2™ Plush,Star Wars™,4+,,5.0,$31.99,,Add to Bag
Stormtrooper™ Plush,Star Wars™,6+,,3.5,$26.99,,Add to Bag
Grogu Bag Tag,Star Wars™,6+,,5.0,$6.99,,Add to Bag
The Mandalorian™ with Grogu™ Holiday Bag Tag,Star Wars™,6+,,,$9.99,,Add to Bag
Grogu™ Holiday Bag Tag,Star Wars™,6+,,,$9.99,,Add to Bag
Grogu™ Yum Yum Bag Tag,Star Wars™,6+,,,$9.99,,Add to Bag
The Mandalorian™ Plush,Star Wars™,6+,,3.0,$31.99,,Add to Bag
Ahsoka Tano™ Key Chain,Star Wars™,6+,,3.9,$5.99,,Add to Bag
The Crimson Firehawk™,Star Wars™,4+,136,2.6,$49.99,,Add to Bag
Emperor Palpatine™ Key Chain,Star Wars™,6+,,,$5.99,,Add to Bag
The Mandalorian™ Bag Tag,Star Wars™,6+,,,$6.99,,Add to Bag
Stormtrooper™ Holiday Plush,Star Wars™,4+,,,$30.99,,Add to Bag
Rey Plush,Star Wars™,6+,,,$26.99,,Add to Bag
Yoda™ Holiday Plush,Star Wars™,4+,,,$30.99,,Add to Bag
Stormtrooper™ Key Chain,Star Wars™,6+,,4.4,$5.99,,Add to Bag
The Mandalorian™ Key Chain,Star Wars™,6+,,4.6,$5.99,,Add to Bag
AT-ST™,Star Wars™,4+,87,1.8,$34.99,$27.99,Out of stock
LEGO® Star Wars™ Advent Calendar 2023,Star Wars™,6+,320,3.6,$44.99,$31.49,Out of stock
Yoda™ Plush,Star Wars™,6+,,3.0,$26.99,,Add to Bag
Stormtrooper™ Bag Tag,Star Wars™,6+,,5.0,$5.99,,Out of stock
Darth Vader™ Bag Tag,Star Wars™,6+,,5.0,$5.99,,Out of stock
LEGO® Star Wars ™ Yoda™ Key Chain,Star Wars™,6+,,5.0,$5.99,,Add to Bag
The Mandalorian™ Key Light,Star Wars™,6+,,5.0,$14.99,,Add to Bag
Fennec Shand™ Key Chain,Star Wars™,6+,,,$5.99,,Add to Bag
Stormtrooper™ Key Light,Star Wars™,6+,,5.0,$14.99,,Add to Bag
Darth Maul™ Key Chain,Star Wars™,6+,,4.5,$5.99,$3.59,Out of stock
Grogu™ Key Light,Star Wars™,6+,,2.7,$13.99,,Add to Bag
R2-D2™ Bag Tag,Star Wars™,6+,,,$5.99,,Out of stock
McLaren P1™,Technic™,18+,3893,,$449.99,,Add to Bag
NASA Apollo Lunar Roving Vehicle - LRV,Technic™,18+,1913,,$219.99,,Add to Bag
Mercedes-Benz G 500 PROFESSIONAL Line,Technic™,18+,2891,,$249.99,,Add to Bag
Volvo FMX Truck & EC230 Electric Excavator,Technic™,10+,2274,,$199.99,,Add to Bag
Porsche GT4 e-Performance Race Car,Technic™,10+,834,,$169.99,,Add to Bag
Emirates Team New Zealand AC75 Yacht,Technic™,18+,962,,$119.99,,Add to Bag
Koenigsegg Jesko Absolut Grey Hypercar,Technic™,10+,801,,$49.99,,Add to Bag
McLaren Formula 1™ Race Car,Technic™,18+,1434,4.4,$199.99,,Add to Bag
Mercedes-AMG F1 W14 E Performance,Technic™,18+,1642,4.6,$219.99,,Add to Bag
Koenigsegg Jesko Absolut White Hypercar,Technic™,10+,801,,$49.99,,Add to Bag
Porsche 911 RSR,Technic™,10+,1580,4.5,$179.99,,Add to Bag
Ferrari Daytona SP3,Technic™,18+,3778,4.2,$449.99,,Add to Bag
Planet Earth and Moon in Orbit,Technic™,10+,526,4.8,$74.99,,Add to Bag
Kawasaki Ninja H2R Motorcycle,Technic™,10+,643,4.8,$84.99,,Add to Bag
2022 Ford GT,Technic™,18+,1468,5.0,$119.99,,Add to Bag
Bugatti Bolide Agile Blue,Technic™,9+,905,4.5,$49.99,,Add to Bag
Bugatti Bolide Agile Blue,Technic™,9+,905,4.5,$49.99,,Add to Bag
Mercedes-AMG F1 W14 E Performance Pull-Back,Technic™,7+,240,4.0,$26.99,,Add to Bag
Lamborghini Huracán Tecnica Orange,Technic™,9+,806,5.0,$49.99,,Add to Bag
Lamborghini Sián FKP 37,Technic™,18+,3696,3.9,$449.99,,Add to Bag
BMW M 1000 RR,Technic™,18+,1921,4.7,$249.99,,Add to Bag
PEUGEOT 9X8 24H Le Mans Hybrid Hypercar,Technic™,18+,1775,4.7,$199.99,,Add to Bag
Liebherr Crawler Crane LR 13000,Technic™,18+,2883,4.4,$699.99,,Add to Bag
Mack® LR Electric Garbage Truck,Technic™,8+,503,4.8,$32.99,,Add to Bag
Ford Mustang Shelby® GT500®,Technic™,9+,544,4.1,$49.99,,Backorder
Yamaha MT-10 SP,Technic™,18+,1478,4.8,$239.99,,Add to Bag
NEOM McLaren Formula E Race Car,Technic™,9+,452,4.4,$49.99,,Add to Bag
Lamborghini Huracán Tecnica,Technic™,9+,806,4.5,$49.99,,Add to Bag
NASA Mars Rover Perseverance,Technic™,10+,1132,4.6,$99.99,,Add to Bag
John Deere 9620R 4WD Tractor,Technic™,8+,390,4.9,$34.99,,Add to Bag
Bugatti Bolide,Technic™,9+,905,4.8,$49.99,,Add to Bag
Off-Road Race Buggy,Technic™,8+,219,4.9,$19.99,,Add to Bag
Heavy-Duty Bulldozer,Technic™,7+,195,5.0,$12.99,,Add to Bag
Firefighter Aircraft,Technic™,10+,1134,4.7,$99.99,,Add to Bag
John Deere 948L-II Skidder,Technic™,11+,1492,4.7,$199.99,,Add to Bag
Audi RS Q e-tron,Technic™,10+,914,4.5,$179.99,,Add to Bag
VTOL Heavy Cargo Spaceship LT81,Technic™,10+,1365,4.8,$109.99,,Add to Bag
Dump Truck,Technic™,7+,177,5.0,$12.99,,Add to Bag
Airbus H175 Rescue Helicopter,Technic™,11+,2001,4.7,$209.99,,Add to Bag
Monster Jam™ Dragon™,Technic™,7+,217,5.0,$19.99,,Add to Bag
NASCAR® Next Gen Chevrolet Camaro ZL1,Technic™,9+,672,4.4,$49.99,,Add to Bag
THE BATMAN – BATCYCLE™,Technic™,9+,641,5.0,$49.99,,Add to Bag
Mars Crew Exploration Rover,Technic™,11+,1599,4.5,$149.99,,Add to Bag
John Deere 9700 Forage Harvester,Technic™,9+,559,4.8,$39.99,,Add to Bag
Surface Space Loader LT78,Technic™,8+,435,4.4,$34.99,,Add to Bag
NEOM McLaren Extreme E Race Car,Technic™,7+,252,4.4,$26.99,,Add to Bag
Snow Groomer,Technic™,7+,178,4.4,$12.99,,Add to Bag
Monster Jam™ Monster Mutt™ Dalmatian,Technic™,7+,244,4.3,$19.99,,Add to Bag
Battery Box,Technic™,7+,1,2.3,$34.99,,Add to Bag
Technic™ Large Motor,Technic™,7+,1,4.2,$39.99,,Out of stock
